-- phpMyAdmin SQL Dump
-- version 4.0.9deb1.precise~ppa.1
-- http://www.phpmyadmin.net
--
-- Хост: localhost
-- Время создания: Апр 20 2014 г., 01:46
-- Версия сервера: 5.5.35-0ubuntu0.12.04.2
-- Версия PHP: 5.5.11-2+deb.sury.org~precise+2

SET SQL_MODE = "NO_AUTO_VALUE_ON_ZERO";
SET time_zone = "+00:00";


/*!40101 SET @OLD_CHARACTER_SET_CLIENT=@@CHARACTER_SET_CLIENT */;
/*!40101 SET @OLD_CHARACTER_SET_RESULTS=@@CHARACTER_SET_RESULTS */;
/*!40101 SET @OLD_COLLATION_CONNECTION=@@COLLATION_CONNECTION */;
/*!40101 SET NAMES utf8 */;

--
-- База данных: `constructor`
--

-- --------------------------------------------------------

--
-- Структура таблицы `colors`
--

CREATE TABLE IF NOT EXISTS `colors` (
  `ID` int(11) NOT NULL AUTO_INCREMENT,
  `Article` varchar(50) NOT NULL,
  `Name` varchar(50) NOT NULL,
  `MaterialID` int(11) NOT NULL,
  `TypeID` int(11) NOT NULL,
  `Size` int(11) NOT NULL,
  `Color` varchar(50) NOT NULL,
  `IsDeleted` tinyint(4) NOT NULL,
  PRIMARY KEY (`ID`)
) ENGINE=InnoDB  DEFAULT CHARSET=utf8 COMMENT='Цвета для жалюзи' AUTO_INCREMENT=267 ;

--
-- Дамп данных таблицы `colors`
--

INSERT INTO `colors` (`ID`, `Article`, `Name`, `MaterialID`, `TypeID`, `Size`, `Color`, `IsDeleted`) VALUES
(1, 'ЖВК_0400101', 'Алюминий бежевый глянец', 4, 1, 89, 'images/vertical/ЖВК_0400101.png', 0),
(2, 'ЖВК_0400102', 'Алюминевый белый глянец', 4, 1, 89, 'images/vertical/ЖВК_0400102.png', 0),
(3, 'ЖВК_0400105', 'Алюминий золото', 4, 1, 89, 'images/vertical/ЖВК_0400105.png', 0),
(4, 'ЖВК_0400106', 'Алюминий серебро', 4, 1, 89, 'images/vertical/ЖВК_0400106.png', 0),
(5, 'ЖВК_0400201', 'Перфорация бежевый глянец', 4, 1, 89, 'images/vertical/ЖВК_0400201.png', 0),
(6, 'ЖВК_0400202', 'Перфорация белый глянец', 4, 1, 89, 'images/vertical/ЖВК_0400202.png', 0),
(7, 'ЖВК_0400204', 'Перфорация металлик', 4, 1, 89, 'images/vertical/ЖВК_0400204.png', 0),
(8, 'ЖВК_0300102', 'Стандарт белый', 3, 1, 89, 'images/vertical/ЖВК_0300102.png', 1),
(9, 'ЖВК_0300108', 'Стандарт серый', 3, 1, 89, 'images/vertical/ЖВК_0300108.png', 1),
(10, 'ЖВК_0300401', 'Лоэнгрин', 3, 1, 89, 'images/vertical/ЖВК_0300401.png', 0),
(11, 'ЖВК_0300501', 'Парсифаль', 3, 1, 89, 'images/vertical/ЖВК_0300501.png', 0),
(12, 'ЖВК_0300801', 'Бук', 3, 1, 89, 'images/vertical/ЖВК_0300801.png', 0),
(13, 'ЖВК_0300901', 'Дуб', 3, 1, 89, 'images/vertical/ЖВК_0300901.png', 0),
(14, 'ЖВК_0301001', 'Клен', 3, 1, 89, 'images/vertical/ЖВК_0301001.png', 0),
(15, 'ЖВК_0301101', 'Тангейзер', 3, 1, 89, 'images/vertical/ЖВК_0301101.png', 0),
(16, 'ЖВК_0301201', 'Тигровый глаз', 3, 1, 89, 'images/vertical/ЖВК_0301201.png', 0),
(17, 'ЖВК_0301401', 'Бирюза бежевая', 3, 1, 89, 'images/vertical/ЖВК_0301401.png', 0),
(18, 'ЖВК_0301402', 'Бирюза белая', 3, 1, 89, 'images/vertical/ЖВК_0301402.png', 0),
(19, 'ЖВК_0301403', 'Бирюза голубая', 3, 1, 89, 'images/vertical/ЖВК_0301403.png', 0),
(20, 'ЖВК_0301404', 'Бирюза зеленая', 3, 1, 89, 'images/vertical/ЖВК_0301404.png', 0),
(21, 'ЖВК_0301801', 'Топаз бежевый', 3, 1, 89, 'images/vertical/ЖВК_0301801.png', 0),
(22, 'ЖВК_0301803', 'Топаз белый', 3, 1, 89, 'images/vertical/ЖВК_0301803.png', 0),
(23, 'ЖВК_0301805', 'Топаз серый', 3, 1, 89, 'images/vertical/ЖВК_0301805.png', 0),
(24, 'ЖВК_0301901', 'Фрост золото', 3, 1, 89, 'images/vertical/ЖВК_0301901.png', 0),
(25, 'ЖВК_0301902', 'Фрост серебро', 3, 1, 89, 'images/vertical/ЖВК_0301902.png', 0),
(26, 'ЖВК_0302001', 'Мрамор белый', 3, 1, 89, 'images/vertical/ЖВК_0302001.png', 0),
(27, 'ЖВК_0201201', 'Джангл белый', 5, 1, 89, 'images/vertical/ЖВК_0201201.png', 1),
(28, 'ЖВК_0201202', 'Джангл голубой', 5, 1, 89, 'images/vertical/ЖВК_0201202.png', 1),
(29, 'ЖВК_0201203', 'Джангл зеленый', 5, 1, 89, 'images/vertical/ЖВК_0201203.png', 1),
(30, 'ЖВК_0210101', 'Сиде Бежевый', 5, 1, 89, 'images/vertical/ЖВК_0210101.png', 0),
(31, 'ЖВК_0210102', 'Сиде белый', 5, 1, 89, 'images/vertical/ЖВК_0210102.png', 0),
(32, 'ЖВК_0210103', 'Сиде голубой', 5, 1, 89, 'images/vertical/ЖВК_0210103.png', 0),
(33, 'ЖВК_0210104', 'Сиде желтый', 5, 1, 89, 'images/vertical/ЖВК_0210104.png', 0),
(34, 'ЖВК_0210105', 'Сиде зеленый', 5, 1, 89, 'images/vertical/ЖВК_0210105.png', 0),
(35, 'ЖВК_0210106', 'Сиде красный', 5, 1, 89, 'images/vertical/ЖВК_0210106.png', 0),
(36, 'ЖВК_0210107', 'Сиде серый', 5, 1, 89, 'images/vertical/ЖВК_0210107.png', 0),
(37, 'ЖВК_0210108', 'Сиде сереневый', 5, 1, 89, 'images/vertical/ЖВК_0210108.png', 0),
(38, 'ЖВК_0210109', 'Сиде терра', 5, 1, 89, 'images/vertical/ЖВК_0210109.png', 0),
(39, 'ЖВК_0210110', 'Сиде фуксия', 5, 1, 89, 'images/vertical/ЖВК_0210110.png', 0),
(40, 'ЖВК_0210111', 'Сиде мокко', 5, 1, 89, 'images/vertical/ЖВК_0210111.png', 0),
(41, 'ЖВК_0210301', 'Бали бежевый', 5, 1, 89, 'images/vertical/ЖВК_0210301.png', 0),
(42, 'ЖВК_0210302', 'Бали белый', 5, 1, 89, 'images/vertical/ЖВК_0210302.png', 0),
(43, 'ЖВК_0210303', 'Бали голубой', 5, 1, 89, 'images/vertical/ЖВК_0210303.png', 0),
(44, 'ЖВК_0210304', 'Бали зеленый', 5, 1, 89, 'images/vertical/ЖВК_0210304.png', 0),
(45, 'ЖВК_0210305', 'Бали персиковый', 5, 1, 89, 'images/vertical/ЖВК_0210305.png', 0),
(46, 'ЖВК_0210306', 'Бали оранжевый', 5, 1, 89, 'images/vertical/ЖВК_0210306.png', 0),
(47, 'ЖВК_0210307', 'Бали серебро', 5, 1, 89, 'images/vertical/ЖВК_0210307.png', 0),
(48, 'ЖВК_0210701', 'Рио белый', 5, 1, 89, 'images/vertical/ЖВК_0210701.png', 0),
(49, 'ЖВК_0210702', 'Рио желтый', 5, 1, 89, 'images/vertical/ЖВК_0210702.png', 0),
(50, 'ЖВК_0210703', 'Рио красный', 5, 1, 89, 'images/vertical/ЖВК_0210703.png', 0),
(51, 'ЖВК_0210704', 'Рио оранжевый', 5, 1, 89, 'images/vertical/ЖВК_0210704.png', 0),
(52, 'ЖВК_0210705', 'Рио синий', 5, 1, 89, 'images/vertical/ЖВК_0210705.png', 0),
(53, 'ЖВК_0210706', 'Рио темно-зеленый', 5, 1, 89, 'images/vertical/ЖВК_0210706.png', 0),
(54, 'ЖВК_0210707', 'Рио шоколад', 5, 1, 89, 'images/vertical/ЖВК_0210707.png', 0),
(55, 'ЖВК_0210801', 'Рейн белый', 5, 1, 89, 'images/vertical/ЖВК_0210801.png', 0),
(56, 'ЖВК_0210802', 'Рейн персиковый', 5, 1, 89, 'images/vertical/ЖВК_0210802.png', 0),
(57, 'ЖВК_0210803', 'Рейн светло - зеленый', 5, 1, 89, 'images/vertical/ЖВК_0210803.png', 0),
(58, 'ЖВК_0210804', 'Рейн темно-бежевый', 5, 1, 89, 'images/vertical/ЖВК_0210804.png', 0),
(59, 'ЖВК_0210805', 'Рейн мокко', 5, 1, 89, 'images/vertical/ЖВК_0210805.png', 0),
(60, 'ЖВК_0210806', 'Рейн розовый', 5, 1, 89, 'images/vertical/ЖВК_0210806.png', 0),
(61, 'ЖВК_0211001', 'Сеул белый', 5, 1, 89, 'images/vertical/ЖВК_0211001.png', 0),
(62, 'ЖВК_0211002', 'Сеул бежевый', 5, 1, 89, 'images/vertical/ЖВК_0211002.png', 0),
(63, 'ЖВК_0211003', 'Сеул персиковый', 5, 1, 89, 'images/vertical/ЖВК_0211003.png', 0),
(64, 'ЖВК_0211004', 'Сеул зеленый', 5, 1, 89, 'images/vertical/ЖВК_0211004.png', 0),
(65, 'ЖВК_0211005', 'Сеул голубой', 5, 1, 89, 'images/vertical/ЖВК_0211005.png', 0),
(66, 'ЖВК_0220101', 'Лайн голубой', 5, 1, 89, 'images/vertical/ЖВК_0220101.png', 0),
(67, 'ЖВК_0220102', 'Лайн желтый', 5, 1, 89, 'images/vertical/ЖВК_0220102.png', 0),
(68, 'ЖВК_0220104', 'Лайн персиковый', 5, 1, 89, 'images/vertical/ЖВК_0220104.png', 0),
(69, 'ЖВК_0220105', 'Лайн розовый', 5, 1, 89, 'images/vertical/ЖВК_0220105.png', 0),
(70, 'ЖВК_0220106', 'Лайн светло-бежевый', 5, 1, 89, 'images/vertical/ЖВК_0220106.png', 0),
(71, 'ЖВК_0220107', 'Лайн светло-зеленый', 5, 1, 89, 'images/vertical/ЖВК_0220107.png', 0),
(72, 'ЖВК_0220109', 'Лайн синий', 5, 1, 89, 'images/vertical/ЖВК_0220109.png', 0),
(73, 'ЖВК_0220110', 'Лайн снежно-белый', 5, 1, 89, 'images/vertical/ЖВК_0220110.png', 1),
(74, 'ЖВК_0220111', 'Лайн темно-бежевый', 5, 1, 89, 'images/vertical/ЖВК_0220111.png', 0),
(75, 'ЖВК_0220113', 'Лайн темно серый', 5, 1, 89, 'images/vertical/ЖВК_0220113.png', 1),
(76, 'ЖВК_0220114', 'Лайн темно-красный', 5, 1, 89, 'images/vertical/ЖВК_0220114.png', 0),
(77, 'ЖВК_0220201', 'Диско бежевый', 5, 1, 89, 'images/vertical/ЖВК_0220201.png', 0),
(78, 'ЖВК_0220202', 'Диско белый', 5, 1, 89, 'images/vertical/ЖВК_0220202.png', 0),
(79, 'ЖВК_0220203', 'Диско желтый', 5, 1, 89, 'images/vertical/ЖВК_0220203.png', 0),
(80, 'ЖВК_0220204', 'Диско красный', 5, 1, 89, 'images/vertical/ЖВК_0220204.png', 0),
(81, 'ЖВК_0220205', 'Диско оранжевый', 5, 1, 89, 'images/vertical/ЖВК_0220205.png', 0),
(82, 'ЖВК_0220206', 'Диско персиковый', 5, 1, 89, 'images/vertical/ЖВК_0220206.png', 0),
(83, 'ЖВК_0220207', 'Диско розовый', 5, 1, 89, 'images/vertical/ЖВК_0220207.png', 0),
(84, 'ЖВК_0220501', 'Венера белый', 5, 1, 89, 'images/vertical/ЖВК_0220501.png', 0),
(85, 'ЖВК_0220502', 'Венера зеленый', 5, 1, 89, 'images/vertical/ЖВК_0220502.png', 0),
(86, 'ЖВК_0220503', 'Венера персиковый', 5, 1, 89, 'images/vertical/ЖВК_0220503.png', 0),
(87, 'ЖВК_0220504', 'Венера светло-бежевый', 5, 1, 89, 'images/vertical/ЖВК_0220504.png', 0),
(88, 'ЖВК_0220505', 'Венера светло-розовый', 5, 1, 89, 'images/vertical/ЖВК_0220505.png', 0),
(89, 'ЖВК_0220506', 'Венера серый', 5, 1, 89, 'images/vertical/ЖВК_0220506.png', 0),
(90, 'ЖВК_0220507', 'Венера сиреневый', 5, 1, 89, 'images/vertical/ЖВК_0220507.png', 0),
(91, 'ЖВК_0220508', 'Венера темно-бежевый', 5, 1, 89, 'images/vertical/ЖВК_0220508.png', 0),
(92, 'ЖВК_0220509', 'Венера темно-розовый', 5, 1, 89, 'images/vertical/ЖВК_0220509.png', 0),
(93, 'ЖВК_0220510', 'Венера серебро', 5, 1, 89, 'images/vertical/ЖВК_0220510.png', 0),
(94, 'ЖВК_0220511', 'Венера золото', 5, 1, 89, 'images/vertical/ЖВК_0220511.png', 0),
(95, 'ЖВК_0220602', 'Шантунг белый', 5, 1, 89, 'images/vertical/ЖВК_0220602.png', 0),
(96, 'ЖВК_0220608', 'Шантунг розовый', 5, 1, 89, 'images/vertical/ЖВК_0220608.png', 0),
(97, 'ЖВК_0220701', 'Зодиак бежевый', 5, 1, 89, 'images/vertical/ЖВК_0220701.png', 0),
(98, 'ЖВК_0220702', 'Зодиак белый', 5, 1, 89, 'images/vertical/ЖВК_0220702.png', 0),
(99, 'ЖВК_0220703', 'Зодиак зеленый', 5, 1, 89, 'images/vertical/ЖВК_0220703.png', 0),
(100, 'ЖВК_0220704', 'Зодиак лиловый', 5, 1, 89, 'images/vertical/ЖВК_0220704.png', 0),
(101, 'ЖВК_0220705', 'Зодиак розовый', 5, 1, 89, 'images/vertical/ЖВК_0220705.png', 0),
(102, 'ЖВК_0220801', 'Мережка белый', 5, 1, 89, 'images/vertical/ЖВК_0220801.png', 0),
(103, 'ЖВК_0220802', 'Мережка светло-бежевый', 5, 1, 89, 'images/vertical/ЖВК_0220802.png', 0),
(104, 'ЖВК_0230301', 'Жаккард бежевый', 5, 1, 89, 'images/vertical/ЖВК_0230301.png', 0),
(105, 'ЖВК_0230302', 'Жаккард белый', 5, 1, 89, 'images/vertical/ЖВК_0230302.png', 0),
(106, 'ЖВК_0230303', 'Жаккард коричневый', 5, 1, 89, 'images/vertical/ЖВК_0230303.png', 0),
(107, 'ЖВК_0230304', 'Жаккард персиковый', 5, 1, 89, 'images/vertical/ЖВК_0230304.png', 0),
(108, 'ЖВК_0230501', 'Лен белый', 5, 1, 89, 'images/vertical/ЖВК_0230501.png', 1),
(109, 'ЖВК_0230502', 'Лен светло-бежевый', 5, 1, 89, 'images/vertical/ЖВК_0230502.png', 1),
(110, 'ЖВК_0230503', 'Лен темно-бежевый', 5, 1, 89, 'images/vertical/ЖВК_0230503.png', 1),
(111, 'ЖВК_0230701', 'Оптима бежевый', 5, 1, 89, 'images/vertical/ЖВК_0230701.png', 0),
(112, 'ЖВК_0230703', 'Оптима салатовый', 5, 1, 89, 'images/vertical/ЖВК_0230703.png', 0),
(113, 'ЖВК_0230704', 'Оптима светло-бежевый', 5, 1, 89, 'images/vertical/ЖВК_0230704.png', 0),
(114, 'ЖВК_0230705', 'Оптима светло-зеленый', 5, 1, 89, 'images/vertical/ЖВК_0230705.png', 0),
(115, 'ЖВК_0230706', 'Оптима светло-красный', 5, 1, 89, 'images/vertical/ЖВК_0230706.png', 0),
(116, 'ЖВК_0230707', 'Оптима темно-бежевый', 5, 1, 89, 'images/vertical/ЖВК_0230707.png', 0),
(117, 'ЖВК_0230708', 'Оптима темно-голубой', 5, 1, 89, 'images/vertical/ЖВК_0230708.png', 0),
(118, 'ЖВК_0230801', 'Джангл золото', 5, 1, 89, 'images/vertical/ЖВК_0230801.png', 0),
(119, 'ЖВК_0230802', 'Джангл серебро', 5, 1, 89, 'images/vertical/ЖВК_0230802.png', 0),
(120, 'ЖВК_0230803', 'Джангл бронзовый металлик', 5, 1, 89, 'images/vertical/ЖВК_0230803.png', 0),
(121, 'ЖВК_0230804', 'Джангл голубой металлик', 5, 1, 89, 'images/vertical/ЖВК_0230804.png', 0),
(122, 'ЖВК_0230805', 'Джангл зеленый металлик', 5, 1, 89, 'images/vertical/ЖВК_0230805.png', 0),
(123, 'ЖВК_0230901', 'Ратан бежевый', 5, 1, 89, 'images/vertical/ЖВК_0230901.png', 0),
(124, 'ЖВК_0230902', 'Ратан белый', 5, 1, 89, 'images/vertical/ЖВК_0230902.png', 0),
(125, 'ЖВК_0231101', 'Кобра золото', 5, 1, 89, 'images/vertical/ЖВК_0231101.png', 0),
(126, 'ЖВК_0231102', 'Кобра серебро', 5, 1, 89, 'images/vertical/ЖВК_0231102.png', 0),
(127, 'ЖВК_0231201', 'Венера техно золото', 5, 1, 89, 'images/vertical/ЖВК_0231201.png', 0),
(128, 'ЖВК_0231202', 'Венера техно серебро', 5, 1, 89, 'images/vertical/ЖВК_0231202.png', 0),
(129, 'ЖВК_0231601', 'Жемчуг бежевый', 5, 1, 89, 'images/vertical/ЖВК_0231601.png', 0),
(130, 'ЖВК_0231602', 'Жемчуг белый', 5, 1, 89, 'images/vertical/ЖВК_0231602.png', 0),
(131, 'ЖВК_0231603', 'Жемчуг голубой', 5, 1, 89, 'images/vertical/ЖВК_0231603.png', 0),
(132, 'ЖВК_0231604', 'Жемчуг желтый', 5, 1, 89, 'images/vertical/ЖВК_0231604.png', 0),
(133, 'ЖВК_0231605', 'Жемчуг персиковый', 5, 1, 89, 'images/vertical/ЖВК_0231605.png', 0),
(134, 'ЖВК_0231710', 'Шелк персиковый', 5, 1, 89, 'images/vertical/ЖВК_0231710.png', 0),
(135, 'ЖВК_0231606', 'Жемчуг серый', 5, 1, 89, 'images/vertical/ЖВК_0231606.png', 0),
(136, 'ЖВК_0231701', 'Шелк белый', 5, 1, 89, 'images/vertical/ЖВК_0231701.png', 0),
(137, 'ЖВК_0231702', 'Шелк светло-бежевый', 5, 1, 89, 'images/vertical/ЖВК_0231702.png', 0),
(138, 'ЖВК_0231703', 'Шелк светло-зеленый', 5, 1, 89, 'images/vertical/ЖВК_0231703.png', 0),
(139, 'ЖВК_0231705', 'Шелк темно-бежевый', 5, 1, 89, 'images/vertical/ЖВК_0231705.png', 0),
(140, 'ЖВК_0231706', 'Шелк терракорта', 5, 1, 89, 'images/vertical/ЖВК_0231706.png', 0),
(141, 'ЖВК_0231707', 'Шелк бордо', 5, 1, 89, 'images/vertical/ЖВК_0231707.png', 0),
(142, 'ЖВК_0231708', 'Шелк сиреневый', 5, 1, 89, 'images/vertical/ЖВК_0231708.png', 0),
(143, 'ЖВК_0231711', 'Шелк морозно-голубой', 5, 1, 89, 'images/vertical/ЖВК_0231711.png', 0),
(144, 'ЖВК_0231712', 'Шелк коричневый', 5, 1, 89, 'images/vertical/ЖВК_0231712.png', 0),
(145, 'ЖВК_0240201', 'Офелия зеленый', 5, 1, 89, 'images/vertical/ЖВК_0240201.png', 0),
(146, 'ЖВК_0240202', 'Офелия коричневый', 5, 1, 89, 'images/vertical/ЖВК_0240202.png', 0),
(147, 'ЖВК_0240203', 'Офелия красный', 5, 1, 89, 'images/vertical/ЖВК_0240203.png', 0),
(148, 'ЖВК_0240204', 'Офелия серый', 5, 1, 89, 'images/vertical/ЖВК_0240204.png', 0),
(149, 'ЖВК_0240205', 'Офелия синий', 5, 1, 89, 'images/vertical/ЖВК_0240205.png', 0),
(150, 'ЖВК_0240301', 'Жакард black-out бежевый', 5, 1, 89, 'images/vertical/ЖВК_0240301.png', 0),
(151, 'ЖВК_0240302', 'Жакард black-out белый', 5, 1, 89, 'images/vertical/ЖВК_0240302.png', 0),
(152, 'ЖВК_0240303', 'Жакард black-out зеленый', 5, 1, 89, 'images/vertical/ЖВК_0240303.png', 0),
(153, 'ЖВК_0240304', 'Жакард black-out персиковый', 5, 1, 89, 'images/vertical/ЖВК_0240304.png', 0),
(154, 'ЖВК_0240401', 'Жемчуг Black-out бежевый', 5, 1, 89, 'images/vertical/ЖВК_0240401.png', 0),
(155, 'ЖВК_0240402', 'Жемчуг Black-out белый', 5, 1, 89, 'images/vertical/ЖВК_0240402.png', 0),
(156, 'ЖВК_0240403', 'Жемчуг Black-out желтый', 5, 1, 89, 'images/vertical/ЖВК_0240403.png', 0),
(157, 'ЖВК_0240404', 'Жемчуг Black-out зеленый', 5, 1, 89, 'images/vertical/ЖВК_0240404.png', 0),
(158, 'ЖВК_0240405', 'Жемчуг Black-out персиковый', 5, 1, 89, 'images/vertical/ЖВК_0240405.png', 0),
(159, 'ЖВК_0240811', 'Шикатан путь самурая бежевый', 5, 1, 89, 'images/vertical/ЖВК_0240811.png', 0),
(160, 'ЖВК_0240820', 'Шикатан чайная церемония светло-бежевый', 5, 1, 89, 'images/vertical/ЖВК_0240820.png', 1),
(161, 'ЖВК_0240821', 'Шикатан чайная церемония бежевый', 5, 1, 89, 'images/vertical/ЖВК_0240821.png', 0),
(162, 'ЖВК_0240822', 'Шикатан чайная церемония темно-бежевый', 5, 1, 89, 'images/vertical/ЖВК_0240822.png', 0),
(163, 'ЖВК_0240823', 'Шикатан чайная церемония синий', 5, 1, 89, 'images/vertical/ЖВК_0240823.png', 0),
(164, 'ЖВК_0240831', 'Шикатан чио чио сан', 5, 1, 89, 'images/vertical/ЖВК_0240831.png', 0),
(165, 'ЖВК_0241001', 'Студио бежевый', 5, 1, 89, 'images/vertical/ЖВК_0241001.png', 0),
(166, 'ЖВК_0241003', 'Студио серебро', 5, 1, 89, 'images/vertical/ЖВК_0241003.png', 0),
(167, 'ЖВК_0241004', 'Студио терракортовый', 5, 1, 89, 'images/vertical/ЖВК_0241004.png', 0),
(168, 'ЖВК_0241501', 'Замша магнолия', 5, 1, 89, 'images/vertical/ЖВК_0241501.png', 0),
(169, 'ЖВК_0241502', 'Замша светло -бежевый', 5, 1, 89, 'images/vertical/ЖВК_0241502.png', 0),
(170, 'ЖВК_0241503', 'Замша светло-коричневый', 5, 1, 89, 'images/vertical/ЖВК_0241503.png', 0),
(171, 'ЖВК_0241504', 'Замша коричневый', 5, 1, 89, 'images/vertical/ЖВК_0241504.png', 0),
(172, 'ЖВК_0250101', 'Бриз бежевый', 6, 1, 89, 'images/vertical/ЖВК_0250101.png', 0),
(173, 'ЖВК_0250102', 'Бриз белый', 6, 1, 89, 'images/vertical/ЖВК_0250102.png', 0),
(174, 'ЖВК_0250103', 'Бриз голубой', 6, 1, 89, 'images/vertical/ЖВК_0250103.png', 0),
(175, 'ЖВК_0250104', 'Бриз золотистый', 6, 1, 89, 'images/vertical/ЖВК_0250104.png', 0),
(176, 'ЖВК_0250105', 'Бриз коричневый', 6, 1, 89, 'images/vertical/ЖВК_0250105.png', 0),
(177, 'ЖВК_0250106', 'Бриз персиковый', 6, 1, 89, 'images/vertical/ЖВК_0250106.png', 0),
(178, 'ЖВК_0250107', 'Бриз розовый', 6, 1, 89, 'images/vertical/ЖВК_0250107.png', 0),
(179, 'ЖВК_0250108', 'Бриз сетло зеленый', 6, 1, 89, 'images/vertical/ЖВК_0250108.png', 0),
(180, 'ЖВК_0250109', 'Бриз светло коричневый', 6, 1, 89, 'images/vertical/ЖВК_0250109.png', 0),
(181, 'ЖВК_0250110', 'Бриз синий', 6, 1, 89, 'images/vertical/ЖВК_0250110.png', 0),
(182, 'ЖВК_0250111', 'Бриз темно коричневый', 6, 1, 89, 'images/vertical/ЖВК_0250111.png', 0),
(183, 'ЖВК_0250112', 'Бриз терракотовый', 6, 1, 89, 'images/vertical/ЖВК_0250112.png', 0),
(184, 'ЖВК_0250113', 'Бриз черный', 6, 1, 89, 'images/vertical/ЖВК_0250113.png', 0),
(185, 'ЖВК_0250201', 'Бриз  multi бежевый', 6, 1, 89, 'images/vertical/ЖВК_0250201.png', 0),
(186, 'ЖВК_0250202', 'Бриз  multi светло розовый', 6, 1, 89, 'images/vertical/ЖВК_0250202.png', 0),
(187, 'ЖВК_0250203', 'Бриз  multi сиреневый', 6, 1, 89, 'images/vertical/ЖВК_0250203.png', 0),
(188, 'ЖВК_0250204', 'Бриз  multi темно-серый', 6, 1, 89, 'images/vertical/ЖВК_0250204.png', 0),
(189, 'ЖВК_0250301', 'Бриз double бежевый', 6, 1, 89, 'images/vertical/ЖВК_0250301.png', 1),
(190, 'ЖВК_0250302', 'Бриз double белый', 6, 1, 89, 'images/vertical/ЖВК_0250302.png', 1),
(191, 'ЖВК_0250303', 'Бриз double персиковый', 6, 1, 89, 'images/vertical/ЖВК_0250303.png', 1),
(192, 'ЖГК_0802010', 'Лента белая глянцевая (0225)', 4, 2, 16, 'images/horizontal/ЖГК_0802010.png', 0),
(193, 'ЖГК_0802020', 'Лента красное золото (7128)', 4, 2, 16, 'images/horizontal/ЖГК_0802020.png', 0),
(194, 'ЖГК_0802030', 'Лента металлик (7005)', 4, 2, 16, 'images/horizontal/ЖГК_0802030.png', 0),
(195, 'ЖГК_0802040', 'Лента персиковая (4063)', 4, 2, 16, 'images/horizontal/ЖГК_0802040.png', 0),
(196, 'ЖГК_0802050', 'Лента салатовая (5850)', 4, 2, 16, 'images/horizontal/ЖГК_0802050.png', 0),
(197, 'ЖГК_0802060', 'Лента св. серый глянец', 4, 2, 16, 'images/horizontal/ЖГК_0802060.png', 0),
(198, 'ЖГК_0802070', 'Лента серебро (7013)', 4, 2, 16, 'images/horizontal/ЖГК_0802070.png', 0),
(199, 'ЖГК_0802080', 'Лента голубой соболь (5327)', 4, 2, 16, 'images/horizontal/ЖГК_0802080.png', 0),
(200, 'ЖГК_0802090', 'Лента под дерево бук (6012)', 4, 2, 16, 'images/horizontal/ЖГК_0802090.png', 0),
(201, 'ЖГК_0802100', 'Лента под дерево дуб (6013)', 4, 2, 16, 'images/horizontal/ЖГК_0802100.png', 0),
(202, 'ЖГК_0801320', 'Лента голубой соболь (5327)', 4, 2, 25, 'images/horizontal/ЖГК_0801320.png', 0),
(203, 'ЖГК_0801070', 'Лента бежевый жемчуг (9021)', 4, 2, 25, 'images/horizontal/ЖГК_0801070.png', 0),
(204, 'ЖГК_0801080', 'Лента белая глянцевая (0225)', 4, 2, 25, 'images/horizontal/ЖГК_0801080.png', 0),
(205, 'ЖГК_0801100', 'Лента белый жемчуг (9002)', 4, 2, 25, 'images/horizontal/ЖГК_0801100.png', 0),
(206, 'ЖГК_0801110', 'Лента желтая (3204)', 4, 2, 25, 'images/horizontal/ЖГК_0801110.png', 0),
(207, 'ЖГК_0801120', 'Лента коричневая (2871)', 4, 2, 25, 'images/horizontal/ЖГК_0801120.png', 0),
(208, 'ЖГК_0801130', 'Лента красная (4077)', 4, 2, 25, 'images/horizontal/ЖГК_0801130.png', 0),
(209, 'ЖГК_0801150', 'Лента металлик (7005)', 4, 2, 25, 'images/horizontal/ЖГК_0801150.png', 0),
(210, 'ЖГК_0801160', 'Лента металлик голубой (7282)', 4, 2, 25, 'images/horizontal/ЖГК_0801160.png', 0),
(211, 'ЖГК_0801170', 'Лента металлик персиковый (7257)', 4, 2, 25, 'images/horizontal/ЖГК_0801170.png', 0),
(212, 'ЖГК_0801180', 'Лента металлик салатовый (7256)', 4, 2, 25, 'images/horizontal/ЖГК_0801180.png', 0),
(213, 'ЖГК_0801190', 'Лента металлик сиреневый (7255)', 4, 2, 25, 'images/horizontal/ЖГК_0801190.png', 0),
(214, 'ЖГК_0801200', 'Лента под дерево бук (6012)', 4, 2, 25, 'images/horizontal/ЖГК_0801200.png', 0),
(215, 'ЖГК_0801210', 'Лента под дерево дуб (6013)', 4, 2, 25, 'images/horizontal/ЖГК_0801210.png', 0),
(216, 'ЖГК_0801220', 'Лента под дерево орех (6014)', 4, 2, 25, 'images/horizontal/ЖГК_0801220.png', 0),
(217, 'ЖГК_0801230', 'Лента под дерево тик (6016)', 4, 2, 25, 'images/horizontal/ЖГК_0801230.png', 0),
(218, 'ЖГК_0801240', 'Лента светло-бежевая (2261)', 4, 2, 25, 'images/horizontal/ЖГК_0801240.png', 0),
(219, 'ЖГК_0801250', 'Лента светло-голубой', 4, 2, 25, 'images/horizontal/ЖГК_0801250.png', 0),
(220, 'ЖГК_0801260', 'Лента светло-зеленый', 4, 2, 25, 'images/horizontal/ЖГК_0801260.png', 0),
(221, 'ЖГК_0801270', 'Лента светло-розовый', 4, 2, 25, 'images/horizontal/ЖГК_0801270.png', 0),
(222, 'ЖГК_0801280', 'Лента светло-серая', 4, 2, 25, 'images/horizontal/ЖГК_0801280.png', 0),
(223, 'ЖГК_0801290', 'Лента темно-бежевая (2406)', 4, 2, 25, 'images/horizontal/ЖГК_0801290.png', 0),
(224, 'ЖГК_0801300', 'Лента шоколад', 4, 2, 25, 'images/horizontal/ЖГК_0801300.png', 0),
(225, 'ЖГК_0801310', 'Лента бирюза', 4, 2, 25, 'images/horizontal/ЖГК_0801310.png', 0),
(226, 'ЖГК_0801330', 'Лента коралл (4524)', 4, 2, 25, 'images/horizontal/ЖГК_0801330.png', 0),
(227, 'ЖГК_0801340', 'Лента синий бархат (5302)', 4, 2, 25, 'images/horizontal/ЖГК_0801340.png', 0),
(228, 'ЖГК_0801350', 'Лента чайная роза (2549)', 4, 2, 25, 'images/horizontal/ЖГК_0801350.png', 0),
(229, 'ЖГК_0801360', 'Лента персиковая (4063)', 4, 2, 25, 'images/horizontal/ЖГК_0801360.png', 1),
(230, 'ЖГК_0801370', 'Лента перфорированная белая (0120)', 4, 2, 25, 'images/horizontal/ЖГК_0801370.png', 1),
(231, 'ЖГК_0801380', 'Лента сиреневая (4967)', 4, 2, 25, 'images/horizontal/ЖГК_0801380.png', 1),
(232, 'АЛЮ_0000225', 'Белый', 4, 2, 50, 'images/horizontal/АЛЮ_0000225.png', 0),
(233, 'АЛЮ_0002259', 'Магнолия', 4, 2, 50, 'images/horizontal/АЛЮ_0002259.png', 0),
(234, 'АЛЮ_0006010', 'Сосна', 4, 2, 50, 'images/horizontal/АЛЮ_0006010.png', 0),
(235, 'АЛЮ_0006012', 'Бук', 4, 2, 50, 'images/horizontal/АЛЮ_0006012.png', 0),
(236, 'АЛЮ_0006013', 'Дуб', 4, 2, 50, 'images/horizontal/АЛЮ_0006013.png', 0),
(237, 'АЛЮ_0006015', 'Каштан', 4, 2, 50, 'images/horizontal/АЛЮ_0006015.png', 0),
(238, 'АЛЮ_0007005', 'Металлик', 4, 2, 50, 'images/horizontal/АЛЮ_0007005.png', 0),
(239, 'АЛЮ_0007122', 'Золото', 4, 2, 50, 'images/horizontal/АЛЮ_0007122.png', 0),
(240, 'БМБ_0000000', 'Бамбук бук', 2, 2, 25, 'images/amilux/БМБ_0000000.png', 0),
(241, 'БМБ_0000001', 'Бамбук кофе', 2, 2, 25, 'images/amilux/БМБ_0000001.png', 0),
(242, 'БМБ_0000002', 'Бамбук махагони', 2, 2, 25, 'images/amilux/БМБ_0000002.png', 0),
(243, 'БМБ_0000003', 'Бамбук серо голубой', 2, 2, 25, 'images/amilux/БМБ_0000003.png', 0),
(244, 'БМБ_0000004', 'Бамбук тигровый глаз', 2, 2, 25, 'images/amilux/БМБ_0000004.png', 0),
(245, 'БМБ_0000005', 'Бамбук черешня', 2, 2, 25, 'images/amilux/БМБ_0000005.png', 0),
(246, 'БМБ_0000006', 'Бамбук бук', 2, 2, 50, 'images/amilux/БМБ_0000006.png', 0),
(247, 'БМБ_0000007', 'Бамбук кофе', 2, 2, 50, 'images/amilux/БМБ_0000007.png', 0),
(248, 'БМБ_0000008', 'Бамбук махагони', 2, 2, 50, 'images/amilux/БМБ_0000008.png', 0),
(249, 'БМБ_0000009', 'Бамбук серо-голубой', 2, 2, 50, 'images/amilux/БМБ_0000009.png', 0),
(250, 'БМБ_0000010', 'Бамбук тигровый глаз', 2, 2, 50, 'images/amilux/БМБ_0000010.png', 0),
(251, 'БМБ_0000011', 'Бамбук черешня', 2, 2, 50, 'images/amilux/БМБ_0000011.png', 0),
(252, 'ДРВ_0000000', 'Дерево венге', 1, 2, 25, 'images/amilux/ДРВ_0000000.png', 0),
(253, 'ДРВ_0000001', 'Дерево красное дерево', 1, 2, 25, 'images/amilux/ДРВ_0000001.png', 0),
(254, 'ДРВ_0000002', 'Дерево кремона', 1, 2, 25, 'images/amilux/ДРВ_0000002.png', 0),
(255, 'ДРВ_0000003', 'Дерево пиано', 1, 2, 25, 'images/amilux/ДРВ_0000003.png', 0),
(256, 'ДРВ_0000004', 'Дерево розовое дерево', 1, 2, 25, 'images/amilux/ДРВ_0000004.png', 0),
(257, 'ДРВ_0000005', 'Дерево венге', 1, 2, 50, 'images/amilux/ДРВ_0000005.png', 0),
(258, 'ДРВ_0000006', 'Дерево красное дерево', 1, 2, 50, 'images/amilux/ДРВ_0000006.png', 0),
(259, 'ДРВ_0000007', 'Дерево кремона', 1, 2, 50, 'images/amilux/ДРВ_0000007.png', 0),
(260, 'ДРВ_0000008', 'Дерево пиано', 1, 2, 50, 'images/amilux/ДРВ_0000008.png', 0),
(261, 'ДРВ_0000009', 'Дерево розовое дерево', 1, 2, 50, 'images/amilux/ДРВ_0000009.png', 0),
(262, 'ПЛС_0000000', 'Пластик белый', 3, 2, 50, 'images/amilux/ПЛС_0000000.png', 0),
(263, 'ПЛС_0000001', 'Пластик береза', 3, 2, 50, 'images/amilux/ПЛС_0000001.png', 0),
(264, 'ПЛС_0000002', 'Пластик бук', 3, 2, 50, 'images/amilux/ПЛС_0000002.png', 0),
(265, 'ПЛС_0000003', 'Пластик вишня', 3, 2, 50, 'images/amilux/ПЛС_0000003.png', 0),
(266, 'ПЛС_0000004', 'Пластик орех', 3, 2, 50, 'images/amilux/ПЛС_0000004.png', 0);

-- --------------------------------------------------------

--
-- Структура таблицы `materials`
--

CREATE TABLE IF NOT EXISTS `materials` (
  `ID` int(11) NOT NULL AUTO_INCREMENT,
  `Name` varchar(20) NOT NULL,
  PRIMARY KEY (`ID`)
) ENGINE=InnoDB  DEFAULT CHARSET=utf8 COMMENT='типы материалов ламелей' AUTO_INCREMENT=7 ;

--
-- Дамп данных таблицы `materials`
--

INSERT INTO `materials` (`ID`, `Name`) VALUES
(1, 'дерево'),
(2, 'бамбук'),
(3, 'пластик'),
(4, 'алюминий'),
(5, 'ткань'),
(6, 'бриз');

-- --------------------------------------------------------

--
-- Структура таблицы `types`
--

CREATE TABLE IF NOT EXISTS `types` (
  `ID` int(11) NOT NULL AUTO_INCREMENT,
  `Name` varchar(20) NOT NULL,
  PRIMARY KEY (`ID`)
) ENGINE=InnoDB  DEFAULT CHARSET=utf8 AUTO_INCREMENT=6 ;

--
-- Дамп данных таблицы `types`
--

INSERT INTO `types` (`ID`, `Name`) VALUES
(1, 'Вертикальные'),
(2, 'Горизонтальные'),
(3, 'Мультифактурные'),
(4, 'Рулонные шторы'),
(5, 'amilux');

/*!40101 SET CHARACTER_SET_CLIENT=@OLD_CHARACTER_SET_CLIENT */;
/*!40101 SET CHARACTER_SET_RESULTS=@OLD_CHARACTER_SET_RESULTS */;
/*!40101 SET COLLATION_CONNECTION=@OLD_COLLATION_CONNECTION */;
