-- phpMyAdmin SQL Dump
-- version 3.5.8.2
-- http://www.phpmyadmin.net
--
-- Хост: localhost
-- Время создания: Май 19 2014 г., 07:00
-- Версия сервера: 5.5.37-MariaDB
-- Версия PHP: 5.5.12

SET SQL_MODE="NO_AUTO_VALUE_ON_ZERO";
SET time_zone = "+00:00";


/*!40101 SET @OLD_CHARACTER_SET_CLIENT=@@CHARACTER_SET_CLIENT */;
/*!40101 SET @OLD_CHARACTER_SET_RESULTS=@@CHARACTER_SET_RESULTS */;
/*!40101 SET @OLD_COLLATION_CONNECTION=@@COLLATION_CONNECTION */;
/*!40101 SET NAMES utf8 */;

--
-- База данных: `constructor`
--

-- --------------------------------------------------------

--
-- Структура таблицы `colors`
--

CREATE TABLE IF NOT EXISTS `colors` (
  `ID` int(11) NOT NULL AUTO_INCREMENT,
  `Article` varchar(50) NOT NULL,
  `Name` varchar(50) NOT NULL,
  `MaterialID` int(11) NOT NULL,
  `TypeID` int(11) NOT NULL,
  `Size` int(11) NOT NULL,
  `Color` varchar(50) NOT NULL,
  `IsDeleted` tinyint(4) NOT NULL,
  PRIMARY KEY (`ID`)
) ENGINE=InnoDB  DEFAULT CHARSET=utf8 COMMENT='Цвета для жалюзи' AUTO_INCREMENT=267 ;

--
-- Дамп данных таблицы `colors`
--

INSERT INTO `colors` (`ID`, `Article`, `Name`, `MaterialID`, `TypeID`, `Size`, `Color`, `IsDeleted`) VALUES
(1, 'ЖВК_0400101', 'Алюминий бежевый глянец', 4, 1, 89, 'images/vertical/ЖВК_0400101.png', 0),
(2, 'ЖВК_0400102', 'Алюминевый белый глянец', 4, 1, 89, 'images/vertical/ЖВК_0400102.png', 0),
(3, 'ЖВК_0400105', 'Алюминий золото', 4, 1, 89, 'images/vertical/ЖВК_0400105.png', 0),
(4, 'ЖВК_0400106', 'Алюминий серебро', 4, 1, 89, 'images/vertical/ЖВК_0400106.png', 0),
(5, 'ЖВК_0400201', 'Перфорация бежевый глянец', 4, 1, 89, 'images/vertical/ЖВК_0400201.png', 0),
(6, 'ЖВК_0400202', 'Перфорация белый глянец', 4, 1, 89, 'images/vertical/ЖВК_0400202.png', 0),
(7, 'ЖВК_0400204', 'Перфорация металлик', 4, 1, 89, 'images/vertical/ЖВК_0400204.png', 0),
(8, 'ЖВК_0300102', 'Стандарт белый', 3, 1, 89, 'images/vertical/ЖВК_0300102.png', 1),
(9, 'ЖВК_0300108', 'Стандарт серый', 3, 1, 89, 'images/vertical/ЖВК_0300108.png', 1),
(10, 'ЖВК_0300401', 'Лоэнгрин', 3, 1, 89, 'images/vertical/ЖВК_0300401.png', 0),
(11, 'ЖВК_0300501', 'Парсифаль', 3, 1, 89, 'images/vertical/ЖВК_0300501.png', 0),
(12, 'ЖВК_0300801', 'Бук', 3, 1, 89, 'images/vertical/ЖВК_0300801.png', 0),
(13, 'ЖВК_0300901', 'Дуб', 3, 1, 89, 'images/vertical/ЖВК_0300901.png', 0),
(14, 'ЖВК_0301001', 'Клен', 3, 1, 89, 'images/vertical/ЖВК_0301001.png', 0),
(15, 'ЖВК_0301101', 'Тангейзер', 3, 1, 89, 'images/vertical/ЖВК_0301101.png', 0),
(16, 'ЖВК_0301201', 'Тигровый глаз', 3, 1, 89, 'images/vertical/ЖВК_0301201.png', 0),
(17, 'ЖВК_0301401', 'Бирюза бежевая', 3, 1, 89, 'images/vertical/ЖВК_0301401.png', 0),
(18, 'ЖВК_0301402', 'Бирюза белая', 3, 1, 89, 'images/vertical/ЖВК_0301402.png', 0),
(19, 'ЖВК_0301403', 'Бирюза голубая', 3, 1, 89, 'images/vertical/ЖВК_0301403.png', 0),
(20, 'ЖВК_0301404', 'Бирюза зеленая', 3, 1, 89, 'images/vertical/ЖВК_0301404.png', 0),
(21, 'ЖВК_0301801', 'Топаз бежевый', 3, 1, 89, 'images/vertical/ЖВК_0301801.png', 0),
(22, 'ЖВК_0301803', 'Топаз белый', 3, 1, 89, 'images/vertical/ЖВК_0301803.png', 0),
(23, 'ЖВК_0301805', 'Топаз серый', 3, 1, 89, 'images/vertical/ЖВК_0301805.png', 0),
(24, 'ЖВК_0301901', 'Фрост золото', 3, 1, 89, 'images/vertical/ЖВК_0301901.png', 0),
(25, 'ЖВК_0301902', 'Фрост серебро', 3, 1, 89, 'images/vertical/ЖВК_0301902.png', 0),
(26, 'ЖВК_0302001', 'Мрамор белый', 3, 1, 89, 'images/vertical/ЖВК_0302001.png', 0),
(27, 'ЖВК_0201201', 'Джангл белый', 5, 1, 89, 'images/vertical/ЖВК_0201201.png', 1),
(28, 'ЖВК_0201202', 'Джангл голубой', 5, 1, 89, 'images/vertical/ЖВК_0201202.png', 1),
(29, 'ЖВК_0201203', 'Джангл зеленый', 5, 1, 89, 'images/vertical/ЖВК_0201203.png', 1),
(30, 'ЖВК_0210101', 'Сиде Бежевый', 5, 1, 89, 'images/vertical/ЖВК_0210101.png', 0),
(31, 'ЖВК_0210102', 'Сиде белый', 5, 1, 89, 'images/vertical/ЖВК_0210102.png', 0),
(32, 'ЖВК_0210103', 'Сиде голубой', 5, 1, 89, 'images/vertical/ЖВК_0210103.png', 0),
(33, 'ЖВК_0210104', 'Сиде желтый', 5, 1, 89, 'images/vertical/ЖВК_0210104.png', 0),
(34, 'ЖВК_0210105', 'Сиде зеленый', 5, 1, 89, 'images/vertical/ЖВК_0210105.png', 0),
(35, 'ЖВК_0210106', 'Сиде красный', 5, 1, 89, 'images/vertical/ЖВК_0210106.png', 0),
(36, 'ЖВК_0210107', 'Сиде серый', 5, 1, 89, 'images/vertical/ЖВК_0210107.png', 0),
(37, 'ЖВК_0210108', 'Сиде сереневый', 5, 1, 89, 'images/vertical/ЖВК_0210108.png', 0),
(38, 'ЖВК_0210109', 'Сиде терра', 5, 1, 89, 'images/vertical/ЖВК_0210109.png', 0),
(39, 'ЖВК_0210110', 'Сиде фуксия', 5, 1, 89, 'images/vertical/ЖВК_0210110.png', 0),
(40, 'ЖВК_0210111', 'Сиде мокко', 5, 1, 89, 'images/vertical/ЖВК_0210111.png', 0),
(41, 'ЖВК_0210301', 'Бали бежевый', 5, 1, 89, 'images/vertical/ЖВК_0210301.png', 0),
(42, 'ЖВК_0210302', 'Бали белый', 5, 1, 89, 'images/vertical/ЖВК_0210302.png', 0),
(43, 'ЖВК_0210303', 'Бали голубой', 5, 1, 89, 'images/vertical/ЖВК_0210303.png', 0),
(44, 'ЖВК_0210304', 'Бали зеленый', 5, 1, 89, 'images/vertical/ЖВК_0210304.png', 0),
(45, 'ЖВК_0210305', 'Бали персиковый', 5, 1, 89, 'images/vertical/ЖВК_0210305.png', 0),
(46, 'ЖВК_0210306', 'Бали оранжевый', 5, 1, 89, 'images/vertical/ЖВК_0210306.png', 0),
(47, 'ЖВК_0210307', 'Бали серебро', 5, 1, 89, 'images/vertical/ЖВК_0210307.png', 0),
(48, 'ЖВК_0210701', 'Рио белый', 5, 1, 89, 'images/vertical/ЖВК_0210701.png', 0),
(49, 'ЖВК_0210702', 'Рио желтый', 5, 1, 89, 'images/vertical/ЖВК_0210702.png', 0),
(50, 'ЖВК_0210703', 'Рио красный', 5, 1, 89, 'images/vertical/ЖВК_0210703.png', 0),
(51, 'ЖВК_0210704', 'Рио оранжевый', 5, 1, 89, 'images/vertical/ЖВК_0210704.png', 0),
(52, 'ЖВК_0210705', 'Рио синий', 5, 1, 89, 'images/vertical/ЖВК_0210705.png', 0),
(53, 'ЖВК_0210706', 'Рио темно-зеленый', 5, 1, 89, 'images/vertical/ЖВК_0210706.png', 0),
(54, 'ЖВК_0210707', 'Рио шоколад', 5, 1, 89, 'images/vertical/ЖВК_0210707.png', 0),
(55, 'ЖВК_0210801', 'Рейн белый', 5, 1, 89, 'images/vertical/ЖВК_0210801.png', 0),
(56, 'ЖВК_0210802', 'Рейн персиковый', 5, 1, 89, 'images/vertical/ЖВК_0210802.png', 0),
(57, 'ЖВК_0210803', 'Рейн светло - зеленый', 5, 1, 89, 'images/vertical/ЖВК_0210803.png', 0),
(58, 'ЖВК_0210804', 'Рейн темно-бежевый', 5, 1, 89, 'images/vertical/ЖВК_0210804.png', 0),
(59, 'ЖВК_0210805', 'Рейн мокко', 5, 1, 89, 'images/vertical/ЖВК_0210805.png', 0),
(60, 'ЖВК_0210806', 'Рейн розовый', 5, 1, 89, 'images/vertical/ЖВК_0210806.png', 0),
(61, 'ЖВК_0211001', 'Сеул белый', 5, 1, 89, 'images/vertical/ЖВК_0211001.png', 0),
(62, 'ЖВК_0211002', 'Сеул бежевый', 5, 1, 89, 'images/vertical/ЖВК_0211002.png', 0),
(63, 'ЖВК_0211003', 'Сеул персиковый', 5, 1, 89, 'images/vertical/ЖВК_0211003.png', 0),
(64, 'ЖВК_0211004', 'Сеул зеленый', 5, 1, 89, 'images/vertical/ЖВК_0211004.png', 0),
(65, 'ЖВК_0211005', 'Сеул голубой', 5, 1, 89, 'images/vertical/ЖВК_0211005.png', 0),
(66, 'ЖВК_0220101', 'Лайн голубой', 5, 1, 89, 'images/vertical/ЖВК_0220101.png', 0),
(67, 'ЖВК_0220102', 'Лайн желтый', 5, 1, 89, 'images/vertical/ЖВК_0220102.png', 0),
(68, 'ЖВК_0220104', 'Лайн персиковый', 5, 1, 89, 'images/vertical/ЖВК_0220104.png', 0),
(69, 'ЖВК_0220105', 'Лайн розовый', 5, 1, 89, 'images/vertical/ЖВК_0220105.png', 0),
(70, 'ЖВК_0220106', 'Лайн светло-бежевый', 5, 1, 89, 'images/vertical/ЖВК_0220106.png', 0),
(71, 'ЖВК_0220107', 'Лайн светло-зеленый', 5, 1, 89, 'images/vertical/ЖВК_0220107.png', 0),
(72, 'ЖВК_0220109', 'Лайн синий', 5, 1, 89, 'images/vertical/ЖВК_0220109.png', 0),
(73, 'ЖВК_0220110', 'Лайн снежно-белый', 5, 1, 89, 'images/vertical/ЖВК_0220110.png', 1),
(74, 'ЖВК_0220111', 'Лайн темно-бежевый', 5, 1, 89, 'images/vertical/ЖВК_0220111.png', 0),
(75, 'ЖВК_0220113', 'Лайн темно серый', 5, 1, 89, 'images/vertical/ЖВК_0220113.png', 1),
(76, 'ЖВК_0220114', 'Лайн темно-красный', 5, 1, 89, 'images/vertical/ЖВК_0220114.png', 0),
(77, 'ЖВК_0220201', 'Диско бежевый', 5, 1, 89, 'images/vertical/ЖВК_0220201.png', 0),
(78, 'ЖВК_0220202', 'Диско белый', 5, 1, 89, 'images/vertical/ЖВК_0220202.png', 0),
(79, 'ЖВК_0220203', 'Диско желтый', 5, 1, 89, 'images/vertical/ЖВК_0220203.png', 0),
(80, 'ЖВК_0220204', 'Диско красный', 5, 1, 89, 'images/vertical/ЖВК_0220204.png', 0),
(81, 'ЖВК_0220205', 'Диско оранжевый', 5, 1, 89, 'images/vertical/ЖВК_0220205.png', 0),
(82, 'ЖВК_0220206', 'Диско персиковый', 5, 1, 89, 'images/vertical/ЖВК_0220206.png', 0),
(83, 'ЖВК_0220207', 'Диско розовый', 5, 1, 89, 'images/vertical/ЖВК_0220207.png', 0),
(84, 'ЖВК_0220501', 'Венера белый', 5, 1, 89, 'images/vertical/ЖВК_0220501.png', 0),
(85, 'ЖВК_0220502', 'Венера зеленый', 5, 1, 89, 'images/vertical/ЖВК_0220502.png', 0),
(86, 'ЖВК_0220503', 'Венера персиковый', 5, 1, 89, 'images/vertical/ЖВК_0220503.png', 0),
(87, 'ЖВК_0220504', 'Венера светло-бежевый', 5, 1, 89, 'images/vertical/ЖВК_0220504.png', 0),
(88, 'ЖВК_0220505', 'Венера светло-розовый', 5, 1, 89, 'images/vertical/ЖВК_0220505.png', 0),
(89, 'ЖВК_0220506', 'Венера серый', 5, 1, 89, 'images/vertical/ЖВК_0220506.png', 0),
(90, 'ЖВК_0220507', 'Венера сиреневый', 5, 1, 89, 'images/vertical/ЖВК_0220507.png', 0),
(91, 'ЖВК_0220508', 'Венера темно-бежевый', 5, 1, 89, 'images/vertical/ЖВК_0220508.png', 0),
(92, 'ЖВК_0220509', 'Венера темно-розовый', 5, 1, 89, 'images/vertical/ЖВК_0220509.png', 0),
(93, 'ЖВК_0220510', 'Венера серебро', 5, 1, 89, 'images/vertical/ЖВК_0220510.png', 0),
(94, 'ЖВК_0220511', 'Венера золото', 5, 1, 89, 'images/vertical/ЖВК_0220511.png', 0),
(95, 'ЖВК_0220602', 'Шантунг белый', 5, 1, 89, 'images/vertical/ЖВК_0220602.png', 0),
(96, 'ЖВК_0220608', 'Шантунг розовый', 5, 1, 89, 'images/vertical/ЖВК_0220608.png', 0),
(97, 'ЖВК_0220701', 'Зодиак бежевый', 5, 1, 89, 'images/vertical/ЖВК_0220701.png', 0),
(98, 'ЖВК_0220702', 'Зодиак белый', 5, 1, 89, 'images/vertical/ЖВК_0220702.png', 0),
(99, 'ЖВК_0220703', 'Зодиак зеленый', 5, 1, 89, 'images/vertical/ЖВК_0220703.png', 0),
(100, 'ЖВК_0220704', 'Зодиак лиловый', 5, 1, 89, 'images/vertical/ЖВК_0220704.png', 0),
(101, 'ЖВК_0220705', 'Зодиак розовый', 5, 1, 89, 'images/vertical/ЖВК_0220705.png', 0),
(102, 'ЖВК_0220801', 'Мережка белый', 5, 1, 89, 'images/vertical/ЖВК_0220801.png', 0),
(103, 'ЖВК_0220802', 'Мережка светло-бежевый', 5, 1, 89, 'images/vertical/ЖВК_0220802.png', 0),
(104, 'ЖВК_0230301', 'Жаккард бежевый', 5, 1, 89, 'images/vertical/ЖВК_0230301.png', 0),
(105, 'ЖВК_0230302', 'Жаккард белый', 5, 1, 89, 'images/vertical/ЖВК_0230302.png', 0),
(106, 'ЖВК_0230303', 'Жаккард коричневый', 5, 1, 89, 'images/vertical/ЖВК_0230303.png', 0),
(107, 'ЖВК_0230304', 'Жаккард персиковый', 5, 1, 89, 'images/vertical/ЖВК_0230304.png', 0),
(108, 'ЖВК_0230501', 'Лен белый', 5, 1, 89, 'images/vertical/ЖВК_0230501.png', 1),
(109, 'ЖВК_0230502', 'Лен светло-бежевый', 5, 1, 89, 'images/vertical/ЖВК_0230502.png', 1),
(110, 'ЖВК_0230503', 'Лен темно-бежевый', 5, 1, 89, 'images/vertical/ЖВК_0230503.png', 1),
(111, 'ЖВК_0230701', 'Оптима бежевый', 5, 1, 89, 'images/vertical/ЖВК_0230701.png', 0),
(112, 'ЖВК_0230703', 'Оптима салатовый', 5, 1, 89, 'images/vertical/ЖВК_0230703.png', 0),
(113, 'ЖВК_0230704', 'Оптима светло-бежевый', 5, 1, 89, 'images/vertical/ЖВК_0230704.png', 0),
(114, 'ЖВК_0230705', 'Оптима светло-зеленый', 5, 1, 89, 'images/vertical/ЖВК_0230705.png', 0),
(115, 'ЖВК_0230706', 'Оптима светло-красный', 5, 1, 89, 'images/vertical/ЖВК_0230706.png', 0),
(116, 'ЖВК_0230707', 'Оптима темно-бежевый', 5, 1, 89, 'images/vertical/ЖВК_0230707.png', 0),
(117, 'ЖВК_0230708', 'Оптима темно-голубой', 5, 1, 89, 'images/vertical/ЖВК_0230708.png', 0),
(118, 'ЖВК_0230801', 'Джангл золото', 5, 1, 89, 'images/vertical/ЖВК_0230801.png', 0),
(119, 'ЖВК_0230802', 'Джангл серебро', 5, 1, 89, 'images/vertical/ЖВК_0230802.png', 0),
(120, 'ЖВК_0230803', 'Джангл бронзовый металлик', 5, 1, 89, 'images/vertical/ЖВК_0230803.png', 0),
(121, 'ЖВК_0230804', 'Джангл голубой металлик', 5, 1, 89, 'images/vertical/ЖВК_0230804.png', 0),
(122, 'ЖВК_0230805', 'Джангл зеленый металлик', 5, 1, 89, 'images/vertical/ЖВК_0230805.png', 0),
(123, 'ЖВК_0230901', 'Ратан бежевый', 5, 1, 89, 'images/vertical/ЖВК_0230901.png', 0),
(124, 'ЖВК_0230902', 'Ратан белый', 5, 1, 89, 'images/vertical/ЖВК_0230902.png', 0),
(125, 'ЖВК_0231101', 'Кобра золото', 5, 1, 89, 'images/vertical/ЖВК_0231101.png', 0),
(126, 'ЖВК_0231102', 'Кобра серебро', 5, 1, 89, 'images/vertical/ЖВК_0231102.png', 0),
(127, 'ЖВК_0231201', 'Венера техно золото', 5, 1, 89, 'images/vertical/ЖВК_0231201.png', 0),
(128, 'ЖВК_0231202', 'Венера техно серебро', 5, 1, 89, 'images/vertical/ЖВК_0231202.png', 0),
(129, 'ЖВК_0231601', 'Жемчуг бежевый', 5, 1, 89, 'images/vertical/ЖВК_0231601.png', 0),
(130, 'ЖВК_0231602', 'Жемчуг белый', 5, 1, 89, 'images/vertical/ЖВК_0231602.png', 0),
(131, 'ЖВК_0231603', 'Жемчуг голубой', 5, 1, 89, 'images/vertical/ЖВК_0231603.png', 0),
(132, 'ЖВК_0231604', 'Жемчуг желтый', 5, 1, 89, 'images/vertical/ЖВК_0231604.png', 0),
(133, 'ЖВК_0231605', 'Жемчуг персиковый', 5, 1, 89, 'images/vertical/ЖВК_0231605.png', 0),
(134, 'ЖВК_0231710', 'Шелк персиковый', 5, 1, 89, 'images/vertical/ЖВК_0231710.png', 0),
(135, 'ЖВК_0231606', 'Жемчуг серый', 5, 1, 89, 'images/vertical/ЖВК_0231606.png', 0),
(136, 'ЖВК_0231701', 'Шелк белый', 5, 1, 89, 'images/vertical/ЖВК_0231701.png', 0),
(137, 'ЖВК_0231702', 'Шелк светло-бежевый', 5, 1, 89, 'images/vertical/ЖВК_0231702.png', 0),
(138, 'ЖВК_0231703', 'Шелк светло-зеленый', 5, 1, 89, 'images/vertical/ЖВК_0231703.png', 0),
(139, 'ЖВК_0231705', 'Шелк темно-бежевый', 5, 1, 89, 'images/vertical/ЖВК_0231705.png', 0),
(140, 'ЖВК_0231706', 'Шелк терракорта', 5, 1, 89, 'images/vertical/ЖВК_0231706.png', 0),
(141, 'ЖВК_0231707', 'Шелк бордо', 5, 1, 89, 'images/vertical/ЖВК_0231707.png', 0),
(142, 'ЖВК_0231708', 'Шелк сиреневый', 5, 1, 89, 'images/vertical/ЖВК_0231708.png', 0),
(143, 'ЖВК_0231711', 'Шелк морозно-голубой', 5, 1, 89, 'images/vertical/ЖВК_0231711.png', 0),
(144, 'ЖВК_0231712', 'Шелк коричневый', 5, 1, 89, 'images/vertical/ЖВК_0231712.png', 0),
(145, 'ЖВК_0240201', 'Офелия зеленый', 5, 1, 89, 'images/vertical/ЖВК_0240201.png', 0),
(146, 'ЖВК_0240202', 'Офелия коричневый', 5, 1, 89, 'images/vertical/ЖВК_0240202.png', 0),
(147, 'ЖВК_0240203', 'Офелия красный', 5, 1, 89, 'images/vertical/ЖВК_0240203.png', 0),
(148, 'ЖВК_0240204', 'Офелия серый', 5, 1, 89, 'images/vertical/ЖВК_0240204.png', 0),
(149, 'ЖВК_0240205', 'Офелия синий', 5, 1, 89, 'images/vertical/ЖВК_0240205.png', 0),
(150, 'ЖВК_0240301', 'Жакард black-out бежевый', 5, 1, 89, 'images/vertical/ЖВК_0240301.png', 0),
(151, 'ЖВК_0240302', 'Жакард black-out белый', 5, 1, 89, 'images/vertical/ЖВК_0240302.png', 0),
(152, 'ЖВК_0240303', 'Жакард black-out зеленый', 5, 1, 89, 'images/vertical/ЖВК_0240303.png', 0),
(153, 'ЖВК_0240304', 'Жакард black-out персиковый', 5, 1, 89, 'images/vertical/ЖВК_0240304.png', 0),
(154, 'ЖВК_0240401', 'Жемчуг Black-out бежевый', 5, 1, 89, 'images/vertical/ЖВК_0240401.png', 0),
(155, 'ЖВК_0240402', 'Жемчуг Black-out белый', 5, 1, 89, 'images/vertical/ЖВК_0240402.png', 0),
(156, 'ЖВК_0240403', 'Жемчуг Black-out желтый', 5, 1, 89, 'images/vertical/ЖВК_0240403.png', 0),
(157, 'ЖВК_0240404', 'Жемчуг Black-out зеленый', 5, 1, 89, 'images/vertical/ЖВК_0240404.png', 0),
(158, 'ЖВК_0240405', 'Жемчуг Black-out персиковый', 5, 1, 89, 'images/vertical/ЖВК_0240405.png', 0),
(159, 'ЖВК_0240811', 'Шикатан путь самурая бежевый', 5, 1, 89, 'images/vertical/ЖВК_0240811.png', 0),
(160, 'ЖВК_0240820', 'Шикатан чайная церемония светло-бежевый', 5, 1, 89, 'images/vertical/ЖВК_0240820.png', 1),
(161, 'ЖВК_0240821', 'Шикатан чайная церемония бежевый', 5, 1, 89, 'images/vertical/ЖВК_0240821.png', 0),
(162, 'ЖВК_0240822', 'Шикатан чайная церемония темно-бежевый', 5, 1, 89, 'images/vertical/ЖВК_0240822.png', 0),
(163, 'ЖВК_0240823', 'Шикатан чайная церемония синий', 5, 1, 89, 'images/vertical/ЖВК_0240823.png', 0),
(164, 'ЖВК_0240831', 'Шикатан чио чио сан', 5, 1, 89, 'images/vertical/ЖВК_0240831.png', 0),
(165, 'ЖВК_0241001', 'Студио бежевый', 5, 1, 89, 'images/vertical/ЖВК_0241001.png', 0),
(166, 'ЖВК_0241003', 'Студио серебро', 5, 1, 89, 'images/vertical/ЖВК_0241003.png', 0),
(167, 'ЖВК_0241004', 'Студио терракортовый', 5, 1, 89, 'images/vertical/ЖВК_0241004.png', 0),
(168, 'ЖВК_0241501', 'Замша магнолия', 5, 1, 89, 'images/vertical/ЖВК_0241501.png', 0),
(169, 'ЖВК_0241502', 'Замша светло -бежевый', 5, 1, 89, 'images/vertical/ЖВК_0241502.png', 0),
(170, 'ЖВК_0241503', 'Замша светло-коричневый', 5, 1, 89, 'images/vertical/ЖВК_0241503.png', 0),
(171, 'ЖВК_0241504', 'Замша коричневый', 5, 1, 89, 'images/vertical/ЖВК_0241504.png', 0),
(172, 'ЖВК_0250101', 'Бриз бежевый', 6, 1, 89, 'images/vertical/ЖВК_0250101.png', 0),
(173, 'ЖВК_0250102', 'Бриз белый', 6, 1, 89, 'images/vertical/ЖВК_0250102.png', 0),
(174, 'ЖВК_0250103', 'Бриз голубой', 6, 1, 89, 'images/vertical/ЖВК_0250103.png', 0),
(175, 'ЖВК_0250104', 'Бриз золотистый', 6, 1, 89, 'images/vertical/ЖВК_0250104.png', 0),
(176, 'ЖВК_0250105', 'Бриз коричневый', 6, 1, 89, 'images/vertical/ЖВК_0250105.png', 0),
(177, 'ЖВК_0250106', 'Бриз персиковый', 6, 1, 89, 'images/vertical/ЖВК_0250106.png', 0),
(178, 'ЖВК_0250107', 'Бриз розовый', 6, 1, 89, 'images/vertical/ЖВК_0250107.png', 0),
(179, 'ЖВК_0250108', 'Бриз сетло зеленый', 6, 1, 89, 'images/vertical/ЖВК_0250108.png', 0),
(180, 'ЖВК_0250109', 'Бриз светло коричневый', 6, 1, 89, 'images/vertical/ЖВК_0250109.png', 0),
(181, 'ЖВК_0250110', 'Бриз синий', 6, 1, 89, 'images/vertical/ЖВК_0250110.png', 0),
(182, 'ЖВК_0250111', 'Бриз темно коричневый', 6, 1, 89, 'images/vertical/ЖВК_0250111.png', 0),
(183, 'ЖВК_0250112', 'Бриз терракотовый', 6, 1, 89, 'images/vertical/ЖВК_0250112.png', 0),
(184, 'ЖВК_0250113', 'Бриз черный', 6, 1, 89, 'images/vertical/ЖВК_0250113.png', 0),
(185, 'ЖВК_0250201', 'Бриз  multi бежевый', 6, 1, 89, 'images/vertical/ЖВК_0250201.png', 0),
(186, 'ЖВК_0250202', 'Бриз  multi светло розовый', 6, 1, 89, 'images/vertical/ЖВК_0250202.png', 0),
(187, 'ЖВК_0250203', 'Бриз  multi сиреневый', 6, 1, 89, 'images/vertical/ЖВК_0250203.png', 0),
(188, 'ЖВК_0250204', 'Бриз  multi темно-серый', 6, 1, 89, 'images/vertical/ЖВК_0250204.png', 0),
(189, 'ЖВК_0250301', 'Бриз double бежевый', 6, 1, 89, 'images/vertical/ЖВК_0250301.png', 1),
(190, 'ЖВК_0250302', 'Бриз double белый', 6, 1, 89, 'images/vertical/ЖВК_0250302.png', 1),
(191, 'ЖВК_0250303', 'Бриз double персиковый', 6, 1, 89, 'images/vertical/ЖВК_0250303.png', 1),
(192, 'ЖГК_0802010', 'Лента белая глянцевая (0225)', 4, 2, 16, 'images/horizontal/ЖГК_0802010.png', 0),
(193, 'ЖГК_0802020', 'Лента красное золото (7128)', 4, 2, 16, 'images/horizontal/ЖГК_0802020.png', 0),
(194, 'ЖГК_0802030', 'Лента металлик (7005)', 4, 2, 16, 'images/horizontal/ЖГК_0802030.png', 0),
(195, 'ЖГК_0802040', 'Лента персиковая (4063)', 4, 2, 16, 'images/horizontal/ЖГК_0802040.png', 0),
(196, 'ЖГК_0802050', 'Лента салатовая (5850)', 4, 2, 16, 'images/horizontal/ЖГК_0802050.png', 0),
(197, 'ЖГК_0802060', 'Лента св. серый глянец', 4, 2, 16, 'images/horizontal/ЖГК_0802060.png', 0),
(198, 'ЖГК_0802070', 'Лента серебро (7013)', 4, 2, 16, 'images/horizontal/ЖГК_0802070.png', 0),
(199, 'ЖГК_0802080', 'Лента голубой соболь (5327)', 4, 2, 16, 'images/horizontal/ЖГК_0802080.png', 0),
(200, 'ЖГК_0802090', 'Лента под дерево бук (6012)', 4, 2, 16, 'images/horizontal/ЖГК_0802090.png', 0),
(201, 'ЖГК_0802100', 'Лента под дерево дуб (6013)', 4, 2, 16, 'images/horizontal/ЖГК_0802100.png', 0),
(202, 'ЖГК_0801320', 'Лента голубой соболь (5327)', 4, 2, 25, 'images/horizontal/ЖГК_0801320.png', 0),
(203, 'ЖГК_0801070', 'Лента бежевый жемчуг (9021)', 4, 2, 25, 'images/horizontal/ЖГК_0801070.png', 0),
(204, 'ЖГК_0801080', 'Лента белая глянцевая (0225)', 4, 2, 25, 'images/horizontal/ЖГК_0801080.png', 0),
(205, 'ЖГК_0801100', 'Лента белый жемчуг (9002)', 4, 2, 25, 'images/horizontal/ЖГК_0801100.png', 0),
(206, 'ЖГК_0801110', 'Лента желтая (3204)', 4, 2, 25, 'images/horizontal/ЖГК_0801110.png', 0),
(207, 'ЖГК_0801120', 'Лента коричневая (2871)', 4, 2, 25, 'images/horizontal/ЖГК_0801120.png', 0),
(208, 'ЖГК_0801130', 'Лента красная (4077)', 4, 2, 25, 'images/horizontal/ЖГК_0801130.png', 0),
(209, 'ЖГК_0801150', 'Лента металлик (7005)', 4, 2, 25, 'images/horizontal/ЖГК_0801150.png', 0),
(210, 'ЖГК_0801160', 'Лента металлик голубой (7282)', 4, 2, 25, 'images/horizontal/ЖГК_0801160.png', 0),
(211, 'ЖГК_0801170', 'Лента металлик персиковый (7257)', 4, 2, 25, 'images/horizontal/ЖГК_0801170.png', 0),
(212, 'ЖГК_0801180', 'Лента металлик салатовый (7256)', 4, 2, 25, 'images/horizontal/ЖГК_0801180.png', 0),
(213, 'ЖГК_0801190', 'Лента металлик сиреневый (7255)', 4, 2, 25, 'images/horizontal/ЖГК_0801190.png', 0),
(214, 'ЖГК_0801200', 'Лента под дерево бук (6012)', 4, 2, 25, 'images/horizontal/ЖГК_0801200.png', 0),
(215, 'ЖГК_0801210', 'Лента под дерево дуб (6013)', 4, 2, 25, 'images/horizontal/ЖГК_0801210.png', 0),
(216, 'ЖГК_0801220', 'Лента под дерево орех (6014)', 4, 2, 25, 'images/horizontal/ЖГК_0801220.png', 0),
(217, 'ЖГК_0801230', 'Лента под дерево тик (6016)', 4, 2, 25, 'images/horizontal/ЖГК_0801230.png', 0),
(218, 'ЖГК_0801240', 'Лента светло-бежевая (2261)', 4, 2, 25, 'images/horizontal/ЖГК_0801240.png', 0),
(219, 'ЖГК_0801250', 'Лента светло-голубой', 4, 2, 25, 'images/horizontal/ЖГК_0801250.png', 0),
(220, 'ЖГК_0801260', 'Лента светло-зеленый', 4, 2, 25, 'images/horizontal/ЖГК_0801260.png', 0),
(221, 'ЖГК_0801270', 'Лента светло-розовый', 4, 2, 25, 'images/horizontal/ЖГК_0801270.png', 0),
(222, 'ЖГК_0801280', 'Лента светло-серая', 4, 2, 25, 'images/horizontal/ЖГК_0801280.png', 0),
(223, 'ЖГК_0801290', 'Лента темно-бежевая (2406)', 4, 2, 25, 'images/horizontal/ЖГК_0801290.png', 0),
(224, 'ЖГК_0801300', 'Лента шоколад', 4, 2, 25, 'images/horizontal/ЖГК_0801300.png', 0),
(225, 'ЖГК_0801310', 'Лента бирюза', 4, 2, 25, 'images/horizontal/ЖГК_0801310.png', 0),
(226, 'ЖГК_0801330', 'Лента коралл (4524)', 4, 2, 25, 'images/horizontal/ЖГК_0801330.png', 0),
(227, 'ЖГК_0801340', 'Лента синий бархат (5302)', 4, 2, 25, 'images/horizontal/ЖГК_0801340.png', 0),
(228, 'ЖГК_0801350', 'Лента чайная роза (2549)', 4, 2, 25, 'images/horizontal/ЖГК_0801350.png', 0),
(229, 'ЖГК_0801360', 'Лента персиковая (4063)', 4, 2, 25, 'images/horizontal/ЖГК_0801360.png', 1),
(230, 'ЖГК_0801370', 'Лента перфорированная белая (0120)', 4, 2, 25, 'images/horizontal/ЖГК_0801370.png', 1),
(231, 'ЖГК_0801380', 'Лента сиреневая (4967)', 4, 2, 25, 'images/horizontal/ЖГК_0801380.png', 1),
(232, 'АЛЮ_0000225', 'Белый', 4, 2, 50, 'images/horizontal/АЛЮ_0000225.png', 0),
(233, 'АЛЮ_0002259', 'Магнолия', 4, 2, 50, 'images/horizontal/АЛЮ_0002259.png', 0),
(234, 'АЛЮ_0006010', 'Сосна', 4, 2, 50, 'images/horizontal/АЛЮ_0006010.png', 0),
(235, 'АЛЮ_0006012', 'Бук', 4, 2, 50, 'images/horizontal/АЛЮ_0006012.png', 0),
(236, 'АЛЮ_0006013', 'Дуб', 4, 2, 50, 'images/horizontal/АЛЮ_0006013.png', 0),
(237, 'АЛЮ_0006015', 'Каштан', 4, 2, 50, 'images/horizontal/АЛЮ_0006015.png', 0),
(238, 'АЛЮ_0007005', 'Металлик', 4, 2, 50, 'images/horizontal/АЛЮ_0007005.png', 0),
(239, 'АЛЮ_0007122', 'Золото', 4, 2, 50, 'images/horizontal/АЛЮ_0007122.png', 0),
(240, 'БМБ_0000000', 'Бамбук бук', 2, 2, 25, 'images/amilux/БМБ_0000000.png', 0),
(241, 'БМБ_0000001', 'Бамбук кофе', 2, 2, 25, 'images/amilux/БМБ_0000001.png', 0),
(242, 'БМБ_0000002', 'Бамбук махагони', 2, 2, 25, 'images/amilux/БМБ_0000002.png', 0),
(243, 'БМБ_0000003', 'Бамбук серо голубой', 2, 2, 25, 'images/amilux/БМБ_0000003.png', 0),
(244, 'БМБ_0000004', 'Бамбук тигровый глаз', 2, 2, 25, 'images/amilux/БМБ_0000004.png', 0),
(245, 'БМБ_0000005', 'Бамбук черешня', 2, 2, 25, 'images/amilux/БМБ_0000005.png', 0),
(246, 'БМБ_0000006', 'Бамбук бук', 2, 2, 50, 'images/amilux/БМБ_0000006.png', 0),
(247, 'БМБ_0000007', 'Бамбук кофе', 2, 2, 50, 'images/amilux/БМБ_0000007.png', 0),
(248, 'БМБ_0000008', 'Бамбук махагони', 2, 2, 50, 'images/amilux/БМБ_0000008.png', 0),
(249, 'БМБ_0000009', 'Бамбук серо-голубой', 2, 2, 50, 'images/amilux/БМБ_0000009.png', 0),
(250, 'БМБ_0000010', 'Бамбук тигровый глаз', 2, 2, 50, 'images/amilux/БМБ_0000010.png', 0),
(251, 'БМБ_0000011', 'Бамбук черешня', 2, 2, 50, 'images/amilux/БМБ_0000011.png', 0),
(252, 'ДРВ_0000000', 'Дерево венге', 1, 2, 25, 'images/amilux/ДРВ_0000000.png', 0),
(253, 'ДРВ_0000001', 'Дерево красное дерево', 1, 2, 25, 'images/amilux/ДРВ_0000001.png', 0),
(254, 'ДРВ_0000002', 'Дерево кремона', 1, 2, 25, 'images/amilux/ДРВ_0000002.png', 0),
(255, 'ДРВ_0000003', 'Дерево пиано', 1, 2, 25, 'images/amilux/ДРВ_0000003.png', 0),
(256, 'ДРВ_0000004', 'Дерево розовое дерево', 1, 2, 25, 'images/amilux/ДРВ_0000004.png', 0),
(257, 'ДРВ_0000005', 'Дерево венге', 1, 2, 50, 'images/amilux/ДРВ_0000005.png', 0),
(258, 'ДРВ_0000006', 'Дерево красное дерево', 1, 2, 50, 'images/amilux/ДРВ_0000006.png', 0),
(259, 'ДРВ_0000007', 'Дерево кремона', 1, 2, 50, 'images/amilux/ДРВ_0000007.png', 0),
(260, 'ДРВ_0000008', 'Дерево пиано', 1, 2, 50, 'images/amilux/ДРВ_0000008.png', 0),
(261, 'ДРВ_0000009', 'Дерево розовое дерево', 1, 2, 50, 'images/amilux/ДРВ_0000009.png', 0),
(262, 'ПЛС_0000000', 'Пластик белый', 3, 2, 50, 'images/amilux/ПЛС_0000000.png', 0),
(263, 'ПЛС_0000001', 'Пластик береза', 3, 2, 50, 'images/amilux/ПЛС_0000001.png', 0),
(264, 'ПЛС_0000002', 'Пластик бук', 3, 2, 50, 'images/amilux/ПЛС_0000002.png', 0),
(265, 'ПЛС_0000003', 'Пластик вишня', 3, 2, 50, 'images/amilux/ПЛС_0000003.png', 0),
(266, 'ПЛС_0000004', 'Пластик орех', 3, 2, 50, 'images/amilux/ПЛС_0000004.png', 0);

-- --------------------------------------------------------

--
-- Структура таблицы `complectation`
--

CREATE TABLE IF NOT EXISTS `complectation` (
  `ID` int(11) NOT NULL AUTO_INCREMENT,
  `Name` varchar(50) NOT NULL,
  PRIMARY KEY (`ID`)
) ENGINE=InnoDB  DEFAULT CHARSET=utf8 COMMENT='Комплектация' AUTO_INCREMENT=3 ;

--
-- Дамп данных таблицы `complectation`
--

INSERT INTO `complectation` (`ID`, `Name`) VALUES
(1, 'Стандартная'),
(2, 'Люкс');

-- --------------------------------------------------------

--
-- Структура таблицы `cornices`
--

CREATE TABLE IF NOT EXISTS `cornices` (
  `ID` int(11) NOT NULL AUTO_INCREMENT,
  `Article` varchar(50) NOT NULL,
  `Name` varchar(50) NOT NULL,
  `Orientation` int(11) NOT NULL,
  `Size` int(11) NOT NULL,
  `Color` varchar(100) NOT NULL,
  PRIMARY KEY (`ID`)
) ENGINE=InnoDB  DEFAULT CHARSET=utf8 COMMENT='Карнизы для жалюзи' AUTO_INCREMENT=89 ;

--
-- Дамп данных таблицы `cornices`
--

INSERT INTO `cornices` (`ID`, `Article`, `Name`, `Orientation`, `Size`, `Color`) VALUES
(1, 'ЖГК_0901011', ' Карниз верхний 25*24 белый глянцевый\n', 1, 16, 'images/cornices/ЖГК_0901011.png'),
(2, 'ЖГК_0901012', ' Карниз нижний белый глянцевый\n', 2, 16, 'images/cornices/ЖГК_0901012.png'),
(3, 'ЖГК_0901031', ' Карниз верхний 25*24 красное золото\n', 1, 16, 'images/cornices/ЖГК_0901031.png'),
(4, 'ЖГК_0901032', ' Карниз нижний красное золото\n', 2, 16, 'images/cornices/ЖГК_0901032.png'),
(5, 'ЖГК_0901111', ' Карниз верхний 25*24 серебро\n', 1, 16, 'images/cornices/ЖГК_0901111.png'),
(6, 'ЖГК_0901112', ' Карниз нижний серебро  \n', 2, 16, 'images/cornices/ЖГК_0901112.png'),
(7, 'ЖГК_0901191', ' Карниз верхний 25х24, персиковый П,5м\n', 1, 16, 'images/cornices/ЖГК_0901191.png'),
(8, 'ЖГК_0901192', ' Карниз нижний, персиковый П,5м  \n', 2, 16, 'images/cornices/ЖГК_0901192.png'),
(9, 'ЖГК_0901091', ' Карниз верхний 25*24 св.зеленый\n', 1, 16, 'images/cornices/ЖГК_0901091.png'),
(10, 'ЖГК_0901092', ' Карниз нижний св.зеленый  \n', 2, 16, 'images/cornices/ЖГК_0901092.png'),
(11, 'ЖГК_0901101', ' Карниз верхний 25*24 св.серый\n', 1, 16, 'images/cornices/ЖГК_0901101.png'),
(12, 'ЖГК_0901102', ' Карниз нижний св.серый  \n', 2, 16, 'images/cornices/ЖГК_0901102.png'),
(13, 'ЖГК_0901111', ' Карниз верхний 25*24 серебро\n', 1, 16, 'images/cornices/ЖГК_0901111.png'),
(14, 'ЖГК_0901112', ' Карниз нижний серебро\n', 2, 16, 'images/cornices/ЖГК_0901112.png'),
(15, 'ЖГК_0901051', ' Карниз верхний 25*24 лиловый\n', 1, 16, 'images/cornices/ЖГК_0901051.png'),
(16, 'ЖГК_0901052', ' Карниз нижний лиловый  \n', 2, 16, 'images/cornices/ЖГК_0901052.png'),
(17, 'ЖГК_0901211', ' Карниз верхний 25х24 бук\n', 1, 16, 'images/cornices/ЖГК_0901211.png'),
(18, 'ЖГК_0901212', ' Карниз нижний бук  \n', 2, 16, 'images/cornices/ЖГК_0901212.png'),
(19, 'ЖГК_0901221', ' Карниз верхний 25х24 дуб/орех\n', 1, 16, 'images/cornices/ЖГК_0901221.png'),
(20, 'ЖГК_0901222', ' Карниз нижний дуб/орех\n', 2, 16, 'images/cornices/ЖГК_0901222.png'),
(21, 'ЖГК_0901011', 'Карниз верхний 25*24 белый глянцевый\n', 1, 25, 'images/cornices/ЖГК_0901011.png'),
(22, 'ЖГК_0901012', 'Карниз нижний белый глянцевый\n', 2, 25, 'images/cornices/ЖГК_0901012.png'),
(23, 'ЖГК_0901031', 'Карниз верхний 25*24 красное золото\n', 1, 25, 'images/cornices/ЖГК_0901031.png'),
(24, 'ЖГК_0901032', 'Карниз нижний красное золото\n', 2, 25, 'images/cornices/ЖГК_0901032.png'),
(25, 'ЖГК_0901111', 'Карниз верхний 25*24 серебро\n', 1, 25, 'images/cornices/ЖГК_0901111.png'),
(26, 'ЖГК_0901112', 'Карниз нижний серебро\n', 2, 25, 'images/cornices/ЖГК_0901112.png'),
(27, 'ЖГК_0901111', 'Карниз верхний 25*24 серебро\n', 1, 25, 'images/cornices/ЖГК_0901111.png'),
(28, 'ЖГК_0901112', 'Карниз нижний серебро\n', 2, 25, 'images/cornices/ЖГК_0901112.png'),
(29, 'ЖГК_0901111', 'Карниз верхний 25*24 серебро\n', 1, 25, 'images/cornices/ЖГК_0901111.png'),
(30, 'ЖГК_0901112', 'Карниз нижний серебро \n', 2, 25, 'images/cornices/ЖГК_0901112.png'),
(31, 'ЖГК_0901151', 'Карниз верхний 25*24 т.бежевый\n', 1, 25, 'images/cornices/ЖГК_0901151.png'),
(32, 'ЖГК_0901152', 'Карниз нижний т.бежевый\n', 2, 25, 'images/cornices/ЖГК_0901152.png'),
(33, 'ЖГК_0901011', 'Карниз верхний 25*24 белый глянцевый\n', 1, 25, 'images/cornices/ЖГК_0901011.png'),
(34, 'ЖГК_0901012', 'Карниз нижний белый глянцевый\n', 2, 25, 'images/cornices/ЖГК_0901012.png'),
(35, 'ЖГК_0901011', 'Карниз верхний 25*24 белый глянцевый\n', 1, 25, 'images/cornices/ЖГК_0901011.png'),
(36, 'ЖГК_0901012', 'Карниз нижний белый глянцевый \n', 2, 25, 'images/cornices/ЖГК_0901012.png'),
(37, 'ЖГК_0901021', 'Карниз верхний 25*24 желтый\n', 1, 25, 'images/cornices/ЖГК_0901021.png'),
(38, 'ЖГК_0901022', 'Карниз нижний желтый \n', 2, 25, 'images/cornices/ЖГК_0901022.png'),
(39, 'ЖГК_0901141', 'Карниз верхний 25*24 т.коричневый\n', 1, 25, 'images/cornices/ЖГК_0901141.png'),
(40, 'ЖГК_0901142', 'Карниз нижний т.коричневый\n', 2, 25, 'images/cornices/ЖГК_0901142.png'),
(41, 'ЖГК_0901041', 'Карниз верхний 25*24 красный\n', 1, 25, 'images/cornices/ЖГК_0901041.png'),
(42, 'ЖГК_0901042', 'Карниз нижний красный \n', 2, 25, 'images/cornices/ЖГК_0901042.png'),
(43, 'ЖГК_0901201', 'Карниз верхний 25*24 лиловый\n', 1, 25, 'images/cornices/ЖГК_0901201.png'),
(44, 'ЖГК_0901202', 'Карниз нижний лиловый\n', 2, 25, 'images/cornices/ЖГК_0901202.png'),
(45, 'ЖГК_0901111', 'Карниз верхний 25*24 серебро\n', 1, 25, 'images/cornices/ЖГК_0901111.png'),
(46, 'ЖГК_0901112', 'Карниз нижний серебро \n', 2, 25, 'images/cornices/ЖГК_0901112.png'),
(47, 'ЖГК_0901171', 'Карниз верхний 25х24, голубой металлик П,5м\n', 1, 25, 'images/cornices/ЖГК_0901171.png'),
(48, 'ЖГК_0901172', 'Карниз нижний, голубой металлик П,5м \n', 2, 25, 'images/cornices/ЖГК_0901172.png'),
(49, 'ЖГК_0901061', 'Карниз верхний 25*24 св.розовый\n', 1, 25, 'images/cornices/ЖГК_0901061.png'),
(50, 'ЖГК_0901062', 'Карниз нижний св.розовый \n', 2, 25, 'images/cornices/ЖГК_0901062.png'),
(51, 'ЖГК_0901091', 'Карниз верхний 25*24 св.зеленый\n', 1, 25, 'images/cornices/ЖГК_0901091.png'),
(52, 'ЖГК_0901092', 'Карниз нижний св.зеленый \n', 2, 25, 'images/cornices/ЖГК_0901092.png'),
(53, 'ЖГК_0901201', 'Карниз верхний 25*24 лиловый\n', 1, 25, 'images/cornices/ЖГК_0901201.png'),
(54, 'ЖГК_0901202', 'Карниз нижний лиловый \n', 2, 25, 'images/cornices/ЖГК_0901202.png'),
(55, 'ЖГК_0901211', 'Карниз верхний 25х24 бук\n', 1, 25, 'images/cornices/ЖГК_0901211.png'),
(56, 'ЖГК_0901212', 'Карниз нижний бук \n', 2, 25, 'images/cornices/ЖГК_0901212.png'),
(57, 'ЖГК_0901221', 'Карниз верхний 25х24 дуб/орех\n', 1, 25, 'images/cornices/ЖГК_0901221.png'),
(58, 'ЖГК_0901222', 'Карниз нижний дуб/орех \n', 2, 25, 'images/cornices/ЖГК_0901222.png'),
(59, 'ЖГК_0901221', 'Карниз верхний 25х24 дуб/орех\n', 1, 25, 'images/cornices/ЖГК_0901221.png'),
(60, 'ЖГК_0901222', 'Карниз нижний дуб/орех \n', 2, 25, 'images/cornices/ЖГК_0901222.png'),
(61, 'ЖГК_0901141', 'Карниз верхний 25*24 т.коричневый\n', 1, 25, 'images/cornices/ЖГК_0901141.png'),
(62, 'ЖГК_0901142', 'Карниз нижний т.коричневый \n', 2, 25, 'images/cornices/ЖГК_0901142.png'),
(63, 'ЖГК_0901071', 'Карниз верхний 25*24 св.бежевый\n', 1, 25, 'images/cornices/ЖГК_0901071.png'),
(64, 'ЖГК_0901072', 'Карниз нижний св.бежевый \n', 2, 25, 'images/cornices/ЖГК_0901072.png'),
(65, 'ЖГК_0901081', 'Карниз верхний 25*24 св.голубой\n', 1, 25, 'images/cornices/ЖГК_0901081.png'),
(66, 'ЖГК_0901082', 'Карниз нижний св. голубой \n', 2, 25, 'images/cornices/ЖГК_0901082.png'),
(67, 'ЖГК_0901091', 'Карниз верхний 25*24 св.зеленый\n', 1, 25, 'images/cornices/ЖГК_0901091.png'),
(68, 'ЖГК_0901092', 'Карниз нижний св.зеленый \n', 2, 25, 'images/cornices/ЖГК_0901092.png'),
(69, 'ЖГК_0901061', 'Карниз верхний 25*24 св.розовый\n', 1, 25, 'images/cornices/ЖГК_0901061.png'),
(70, 'ЖГК_0901062', 'Карниз нижний св.розовый \n', 2, 25, 'images/cornices/ЖГК_0901062.png'),
(71, 'ЖГК_0901101', 'Карниз верхний 25*24 св.серый\n', 1, 25, 'images/cornices/ЖГК_0901101.png'),
(72, 'ЖГК_0901102', 'Карниз нижний св.серый \n', 2, 25, 'images/cornices/ЖГК_0901102.png'),
(73, 'ЖГК_0901151', 'Карниз верхний 25*24 т.бежевый\n', 1, 25, 'images/cornices/ЖГК_0901151.png'),
(74, 'ЖГК_0901152', 'Карниз нижний т.бежевый\n', 2, 25, 'images/cornices/ЖГК_0901152.png'),
(75, 'ЖГК_0901161', 'Карниз верхний 25*24 шоколад\n', 1, 25, 'images/cornices/ЖГК_0901161.png'),
(76, 'ЖГК_0901162', 'Карниз нижний шоколад \n', 2, 25, 'images/cornices/ЖГК_0901162.png'),
(77, 'ЖГК_0901091', 'Карниз верхний 25*24 св.зеленый\n', 1, 25, 'images/cornices/ЖГК_0901091.png'),
(78, 'ЖГК_0901092', 'Карниз нижний св.зеленый\n', 2, 25, 'images/cornices/ЖГК_0901092.png'),
(79, 'ЖГК_0901051', 'Карниз верхний 25*24 лиловый\n', 1, 25, 'images/cornices/ЖГК_0901051.png'),
(80, 'ЖГК_0901052', 'Карниз нижний лиловый\n', 2, 25, 'images/cornices/ЖГК_0901052.png'),
(81, 'ЖГК_0901041', 'Карниз верхний 25*24 красный\n', 1, 25, 'images/cornices/ЖГК_0901041.png'),
(82, 'ЖГК_0901042', 'Карниз нижний красный \n', 2, 25, 'images/cornices/ЖГК_0901042.png'),
(83, 'ЖГК_0901131', 'Карниз верхний 25*24 синий\n', 1, 25, 'images/cornices/ЖГК_0901131.png'),
(84, 'ЖГК_0901132', 'Карниз нижний синий \n', 2, 25, 'images/cornices/ЖГК_0901132.png'),
(85, 'ЖГК_0901191', 'Карниз верхний 25х24, персиковый П,5м\n', 1, 25, 'images/cornices/ЖГК_0901191.png'),
(86, 'ЖГК_0901192', 'Карниз нижний, персиковый П,5м \n', 2, 25, 'images/cornices/ЖГК_0901192.png'),
(87, 'ЖГК_0901191', 'Карниз верхний 25х24, персиковый П,5м\n', 1, 25, 'images/cornices/ЖГК_0901191.png'),
(88, 'ЖГК_0901192', 'Карниз нижний, персиковый П,5м\n', 2, 25, 'images/cornices/ЖГК_0901192.png');

-- --------------------------------------------------------

--
-- Структура таблицы `correspondness`
--

CREATE TABLE IF NOT EXISTS `correspondness` (
  `ID` int(11) NOT NULL AUTO_INCREMENT,
  `IDRope` int(11) NOT NULL,
  `IDStaircase` int(11) NOT NULL,
  `IDLowCornice` int(11) NOT NULL,
  `IDTopCornice` int(11) NOT NULL,
  `IDLamella` int(11) NOT NULL,
  PRIMARY KEY (`ID`)
) ENGINE=InnoDB  DEFAULT CHARSET=utf8 COMMENT='Таблица соответствия жалюзи' AUTO_INCREMENT=40 ;

--
-- Дамп данных таблицы `correspondness`
--

INSERT INTO `correspondness` (`ID`, `IDRope`, `IDStaircase`, `IDLowCornice`, `IDTopCornice`, `IDLamella`) VALUES
(1, 1, 1, 2, 1, 192),
(2, 2, 2, 4, 3, 193),
(3, 3, 3, 6, 5, 194),
(4, 4, 4, 8, 7, 195),
(5, 5, 5, 10, 9, 196),
(6, 6, 6, 12, 11, 197),
(7, 7, 7, 14, 13, 198),
(8, 8, 8, 16, 15, 199),
(9, 9, 9, 18, 17, 200),
(10, 10, 10, 20, 19, 201),
(11, 16, 16, 32, 31, 203),
(12, 17, 17, 34, 33, 204),
(13, 18, 18, 36, 35, 205),
(14, 19, 19, 38, 37, 206),
(15, 20, 20, 40, 39, 207),
(16, 21, 21, 42, 41, 208),
(17, 22, 22, 44, 43, 231),
(18, 23, 23, 46, 45, 209),
(19, 24, 24, 48, 47, 210),
(20, 25, 25, 50, 49, 211),
(21, 26, 26, 52, 51, 212),
(22, 27, 27, 54, 53, 213),
(23, 28, 28, 56, 55, 214),
(24, 29, 29, 58, 57, 215),
(25, 30, 30, 60, 59, 216),
(26, 31, 31, 62, 61, 217),
(27, 32, 32, 64, 63, 218),
(28, 33, 33, 66, 65, 219),
(29, 34, 34, 68, 67, 220),
(30, 35, 35, 70, 69, 221),
(31, 36, 36, 72, 71, 222),
(32, 37, 37, 74, 73, 223),
(33, 38, 38, 76, 75, 224),
(34, 39, 39, 78, 77, 225),
(35, 40, 40, 80, 79, 202),
(36, 41, 41, 82, 81, 226),
(37, 42, 42, 84, 83, 227),
(38, 43, 43, 86, 85, 228),
(39, 44, 44, 88, 87, 229);

-- --------------------------------------------------------

--
-- Структура таблицы `materials`
--

CREATE TABLE IF NOT EXISTS `materials` (
  `ID` int(11) NOT NULL AUTO_INCREMENT,
  `Name` varchar(20) NOT NULL,
  PRIMARY KEY (`ID`)
) ENGINE=InnoDB  DEFAULT CHARSET=utf8 COMMENT='типы материалов ламелей' AUTO_INCREMENT=7 ;

--
-- Дамп данных таблицы `materials`
--

INSERT INTO `materials` (`ID`, `Name`) VALUES
(1, 'дерево'),
(2, 'бамбук'),
(3, 'пластик'),
(4, 'алюминий'),
(5, 'ткань'),
(6, 'бриз');

-- --------------------------------------------------------

--
-- Структура таблицы `placement`
--

CREATE TABLE IF NOT EXISTS `placement` (
  `ID` int(11) NOT NULL AUTO_INCREMENT,
  `Name` varchar(50) NOT NULL,
  PRIMARY KEY (`ID`)
) ENGINE=InnoDB  DEFAULT CHARSET=utf8 COMMENT='размещение жалюзи' AUTO_INCREMENT=4 ;

--
-- Дамп данных таблицы `placement`
--

INSERT INTO `placement` (`ID`, `Name`) VALUES
(1, 'Стеновое'),
(2, 'Потолочное'),
(3, 'Armstrong');

-- --------------------------------------------------------

--
-- Структура таблицы `pricegroups`
--

CREATE TABLE IF NOT EXISTS `pricegroups` (
  `ID` int(11) NOT NULL AUTO_INCREMENT,
  `Percent` decimal(10,2) NOT NULL,
  PRIMARY KEY (`ID`)
) ENGINE=InnoDB  DEFAULT CHARSET=utf8 COMMENT='Ценовые группы' AUTO_INCREMENT=3 ;

--
-- Дамп данных таблицы `pricegroups`
--

INSERT INTO `pricegroups` (`ID`, `Percent`) VALUES
(1, '0.00'),
(2, '2.50');

-- --------------------------------------------------------

--
-- Структура таблицы `pricelamellas`
--

CREATE TABLE IF NOT EXISTS `pricelamellas` (
  `ID` int(11) NOT NULL AUTO_INCREMENT,
  `IDColor` int(11) NOT NULL,
  `IDPriceGroup` int(11) NOT NULL,
  `Price` float NOT NULL,
  PRIMARY KEY (`ID`)
) ENGINE=InnoDB  DEFAULT CHARSET=utf8 COMMENT='Цены на материалы ламелей' AUTO_INCREMENT=250 ;

--
-- Дамп данных таблицы `pricelamellas`
--

INSERT INTO `pricelamellas` (`ID`, `IDColor`, `IDPriceGroup`, `Price`) VALUES
(1, 30, 1, 8.8),
(2, 31, 1, 8.8),
(3, 32, 1, 8.8),
(4, 33, 1, 8.8),
(5, 34, 1, 8.8),
(6, 35, 1, 8.8),
(7, 36, 1, 8.8),
(8, 37, 1, 8.8),
(9, 38, 1, 8.8),
(10, 39, 1, 8.8),
(11, 40, 1, 8.8),
(12, 41, 1, 8.2),
(13, 42, 1, 8.2),
(14, 43, 1, 8.2),
(15, 44, 1, 8.2),
(16, 45, 1, 8.2),
(17, 46, 1, 8.2),
(18, 47, 1, 8.2),
(19, 48, 1, 8.3),
(20, 49, 1, 8.3),
(21, 50, 1, 8.3),
(22, 51, 1, 8.3),
(23, 52, 1, 8.3),
(24, 53, 1, 8.3),
(25, 54, 1, 8.3),
(26, 55, 1, 8.4),
(27, 56, 1, 8.4),
(28, 57, 1, 8.4),
(29, 58, 1, 8.4),
(30, 59, 1, 8.4),
(31, 60, 1, 8.4),
(32, 61, 1, 7.5),
(33, 62, 1, 7.5),
(34, 63, 1, 7.5),
(35, 64, 1, 7.5),
(36, 65, 1, 7.5),
(37, 66, 1, 6.9),
(38, 67, 1, 6.9),
(39, 68, 1, 6.9),
(40, 69, 1, 6.9),
(41, 70, 1, 6.9),
(42, 71, 1, 6.9),
(43, 72, 1, 6.9),
(44, 74, 1, 6.9),
(45, 76, 1, 6.9),
(46, 77, 1, 7.9),
(47, 78, 1, 7.9),
(48, 79, 1, 7.9),
(49, 80, 1, 7.9),
(50, 81, 1, 7.9),
(51, 82, 1, 7.9),
(52, 83, 1, 7.9),
(53, 84, 1, 8.8),
(54, 85, 1, 8.8),
(55, 86, 1, 8.8),
(56, 87, 1, 8.8),
(57, 88, 1, 8.8),
(58, 89, 1, 8.8),
(59, 90, 1, 8.8),
(60, 91, 1, 8.8),
(61, 92, 1, 8.8),
(62, 93, 1, 10.6),
(63, 94, 1, 10.6),
(64, 95, 1, 8.5),
(65, 96, 1, 8.5),
(66, 97, 1, 8.9),
(67, 98, 1, 8.9),
(68, 99, 1, 8.9),
(69, 100, 1, 8.9),
(70, 101, 1, 8.9),
(71, 102, 1, 9.8),
(72, 103, 1, 10.7),
(73, 104, 1, 10.3),
(74, 105, 1, 10.3),
(75, 106, 1, 10.3),
(76, 107, 1, 10.3),
(77, 111, 1, 12.3),
(78, 112, 1, 12.3),
(79, 113, 1, 12.3),
(80, 114, 1, 12.3),
(81, 115, 1, 12.3),
(82, 116, 1, 12.3),
(83, 117, 1, 12.3),
(84, 118, 1, 11.8),
(85, 119, 1, 11.8),
(86, 120, 1, 12.6),
(87, 121, 1, 12.6),
(88, 122, 1, 12.6),
(89, 123, 1, 12.5),
(90, 124, 1, 12.5),
(91, 125, 1, 12.5),
(92, 126, 1, 12.5),
(93, 127, 1, 13.5),
(94, 128, 1, 13.5),
(95, 129, 1, 14.2),
(96, 130, 1, 14.2),
(97, 131, 1, 14.2),
(98, 132, 1, 14.2),
(99, 133, 1, 14.2),
(100, 135, 1, 14.2),
(101, 136, 1, 14.4),
(102, 137, 1, 14.4),
(103, 138, 1, 14.4),
(104, 139, 1, 14.4),
(105, 140, 1, 14.4),
(106, 141, 1, 14.4),
(107, 142, 1, 14.4),
(108, 134, 1, 14.4),
(109, 143, 1, 14.4),
(110, 144, 1, 14.4),
(111, 145, 1, 15.4),
(112, 146, 1, 15.4),
(113, 147, 1, 15.4),
(114, 148, 1, 15.4),
(115, 149, 1, 15.4),
(116, 150, 1, 18.4),
(117, 151, 1, 18.4),
(118, 152, 1, 18.4),
(119, 153, 1, 18.4),
(120, 154, 1, 20.4),
(121, 155, 1, 20.4),
(122, 156, 1, 20.4),
(123, 157, 1, 20.4),
(124, 158, 1, 20.4),
(125, 159, 1, 21.6),
(126, 161, 1, 21.6),
(127, 162, 1, 21.6),
(128, 163, 1, 21.6),
(129, 164, 1, 21.6),
(130, 165, 1, 32.4),
(131, 166, 1, 32.4),
(132, 167, 1, 32.4),
(133, 168, 1, 20.3),
(134, 169, 1, 20.3),
(135, 170, 1, 20.3),
(136, 171, 1, 20.3),
(137, 10, 1, 22.2),
(138, 11, 1, 21.7),
(139, 12, 1, 19.9),
(140, 13, 1, 19.3),
(141, 14, 1, 19.3),
(142, 15, 1, 19.3),
(143, 16, 1, 18.7),
(144, 17, 1, 17),
(145, 18, 1, 17),
(146, 19, 1, 17),
(147, 20, 1, 17),
(148, 21, 1, 21.8),
(149, 22, 1, 21.8),
(150, 23, 1, 21.8),
(151, 24, 1, 25.4),
(152, 25, 1, 25.4),
(153, 26, 1, 19.1),
(154, 1, 1, 25.5),
(155, 2, 1, 25.5),
(156, 3, 1, 25.5),
(157, 4, 1, 25.5),
(158, 5, 1, 30.5),
(159, 6, 1, 30.5),
(160, 7, 1, 30.5),
(161, 172, 1, 5.1),
(162, 173, 1, 5.1),
(163, 174, 1, 5.1),
(164, 175, 1, 5.1),
(165, 176, 1, 5.1),
(166, 177, 1, 5.1),
(167, 178, 1, 5.1),
(168, 179, 1, 5.1),
(169, 180, 1, 5.1),
(170, 181, 1, 5.1),
(171, 182, 1, 5.1),
(172, 183, 1, 5.1),
(173, 184, 1, 5.1),
(174, 185, 1, 5.1),
(175, 186, 1, 5.1),
(176, 187, 1, 5.1),
(177, 188, 1, 5.1),
(178, 204, 1, 9.6),
(179, 218, 1, 10.2),
(180, 223, 1, 10.2),
(181, 222, 1, 10.2),
(182, 219, 1, 10.2),
(183, 220, 1, 10.2),
(184, 221, 1, 10.2),
(185, 206, 1, 10.2),
(186, 207, 1, 10.2),
(187, 208, 1, 10.2),
(188, 209, 1, 10.2),
(189, 210, 1, 10.6),
(190, 211, 1, 10.6),
(191, 212, 1, 10.6),
(192, 213, 1, 10.6),
(193, 224, 1, 10.2),
(194, 225, 1, 14.6),
(195, 202, 1, 14.6),
(196, 227, 1, 14.6),
(197, 228, 1, 14.6),
(198, 226, 1, 14.6),
(199, 205, 1, 20),
(200, 203, 1, 20),
(201, 214, 1, 20),
(202, 215, 1, 20),
(203, 216, 1, 20),
(204, 217, 1, 20),
(205, 192, 1, 13.8),
(206, 193, 1, 14.6),
(207, 194, 1, 14.6),
(208, 195, 1, 14.6),
(209, 196, 1, 14.6),
(210, 197, 1, 14.6),
(211, 198, 1, 14.6),
(212, 199, 1, 18.8),
(213, 200, 1, 33.1),
(214, 201, 1, 33.1),
(215, 240, 1, 118.3),
(216, 241, 1, 118.3),
(217, 242, 1, 118.3),
(218, 243, 1, 118.3),
(219, 244, 1, 118.3),
(220, 245, 1, 118.3),
(221, 246, 1, 130.7),
(222, 247, 1, 130.7),
(223, 248, 1, 130.7),
(224, 249, 1, 130.7),
(225, 250, 1, 130.7),
(226, 251, 1, 130.7),
(227, 252, 1, 97.6),
(228, 253, 1, 97.6),
(229, 254, 1, 97.6),
(230, 255, 1, 97.6),
(231, 256, 1, 97.6),
(232, 257, 1, 109.8),
(233, 258, 1, 109.8),
(234, 259, 1, 109.8),
(235, 260, 1, 109.8),
(236, 261, 1, 109.8),
(237, 262, 1, 86.2),
(238, 263, 1, 86.2),
(239, 264, 1, 86.2),
(240, 265, 1, 86.2),
(241, 266, 1, 86.2),
(242, 232, 1, 41.6),
(243, 239, 1, 41.6),
(244, 233, 1, 41.6),
(245, 238, 1, 41.6),
(246, 234, 1, 55.5),
(247, 235, 1, 55.5),
(248, 236, 1, 55.5),
(249, 237, 1, 55.5);

-- --------------------------------------------------------

--
-- Структура таблицы `ropes`
--

CREATE TABLE IF NOT EXISTS `ropes` (
  `ID` int(11) NOT NULL AUTO_INCREMENT,
  `Article` varchar(50) NOT NULL,
  `Name` varchar(50) NOT NULL,
  `Size` int(11) NOT NULL,
  PRIMARY KEY (`ID`)
) ENGINE=InnoDB  DEFAULT CHARSET=utf8 COMMENT='Веревочки жалюзи' AUTO_INCREMENT=45 ;

--
-- Дамп данных таблицы `ropes`
--

INSERT INTO `ropes` (`ID`, `Article`, `Name`, `Size`) VALUES
(1, 'ЖГК_0601010', 'Веревка 1,2мм белая \n', 16),
(2, 'ЖГК_0601130', 'Веревка 1,2мм т.бежевая\n', 16),
(3, 'ЖГК_0601110', 'Веревка 1,2мм св.серая \n', 16),
(4, 'ЖГК_0601070', 'Веревка 1,2мм св.бежевая \n', 16),
(5, 'ЖГК_0601090', 'Веревка 1,2мм св.зеленая \n', 16),
(6, 'ЖГК_0601110', 'Веревка 1,2мм св.серая \n', 16),
(7, 'ЖГК_0601110', 'Веревка 1,2мм св.серая\n', 16),
(8, 'ЖГК_0601060', 'Веревка 1,2мм лиловая \n', 16),
(9, 'ЖГК_0601070', 'Веревка 1,2мм св.бежевая \n', 16),
(10, 'ЖГК_0601130', 'Веревка 1,2мм т.бежевая\n', 16),
(11, 'ЖГК_0601010', 'Веревка 1,2мм белая\n', 25),
(12, 'ЖГК_0601130', 'Веревка 1,2мм т.бежевая \n', 25),
(13, 'ЖГК_0601110', 'Веревка 1,2мм св.серая \n', 25),
(14, 'ЖГК_0601110', 'Веревка 1,2мм св.серая \n', 25),
(15, 'ЖГК_0601110', 'Веревка 1,2мм св.серая \n', 25),
(16, 'ЖГК_0601130', 'Веревка 1,2мм т.бежевая\n', 25),
(17, 'ЖГК_0601010', 'Веревка 1,2мм белая\n', 25),
(18, 'ЖГК_0601010', 'Веревка 1,2мм белая \n', 25),
(19, 'ЖГК_0601040', 'Веревка 1,2мм желтая \n', 25),
(20, 'ЖГК_0601190', 'Веревка 1,2мм коричневая\n', 25),
(21, 'ЖГК_0601050', 'Веревка 1,2мм красная \n', 25),
(22, 'ЖГК_0601180', 'Веревка 1.2мм, сиреневая \n', 25),
(23, 'ЖГК_0601110', 'Веревка 1,2мм св.серая \n', 25),
(24, 'ЖГК_0601200', 'Веревка 1,2мм графит \n', 25),
(25, 'ЖГК_0601100', 'Веревка 1,2мм св.розовая \n', 25),
(26, 'ЖГК_0601090', 'Веревка 1,2мм св.зеленая \n', 25),
(27, 'ЖГК_0601180', 'Веревка 1.2мм, сиреневая\n', 25),
(28, 'ЖГК_0601160', 'Веревка 1.2мм, абрикосовая \n', 25),
(29, 'ЖГК_0601130', 'Веревка 1,2мм т.бежевая\n', 25),
(30, 'ЖГК_0601150', 'Веревка 1,2мм шоколад \n', 25),
(31, 'ЖГК_0601190', 'Веревка 1,2мм коричневая \n', 25),
(32, 'ЖГК_0601070', 'Веревка 1,2мм св.бежевая \n', 25),
(33, 'ЖГК_0601080', 'Веревка 1,2мм св.голубая \n', 25),
(34, 'ЖГК_0601090', 'Веревка 1,2мм св.зеленая \n', 25),
(35, 'ЖГК_0601100', 'Веревка 1,2мм св.розовая \n', 25),
(36, 'ЖГК_0601110', 'Веревка 1,2мм св.серая \n', 25),
(37, 'ЖГК_0601130', 'Веревка 1,2мм т.бежевая\n', 25),
(38, 'ЖГК_0601150', 'Веревка 1,2мм шоколад \n', 25),
(39, 'ЖГК_0601020', 'Веревка 1,2мм бирюза\n', 25),
(40, 'ЖГК_0601060', 'Веревка 1,2мм лиловая\n', 25),
(41, 'ЖГК_0601050', 'Веревка 1,2мм красная\n', 25),
(42, 'ЖГК_0601120', 'Веревка 1,2мм синяя\n', 25),
(43, 'ЖГК_0601160', 'Веревка 1.2мм, абрикосовая\n', 25),
(44, 'ЖГК_0601160', 'Веревка 1.2мм, абрикосовая\n', 25);

-- --------------------------------------------------------

--
-- Структура таблицы `sizelimits`
--

CREATE TABLE IF NOT EXISTS `sizelimits` (
  `ID` int(11) NOT NULL AUTO_INCREMENT,
  `IDType` int(11) DEFAULT NULL,
  `IDMaterial` int(11) DEFAULT NULL,
  `IDPlacement` int(11) DEFAULT NULL,
  `Size` int(11) DEFAULT NULL,
  `IDComplectation` int(11) DEFAULT NULL,
  `MinWidth` int(11) NOT NULL,
  `MaxWidth` int(11) NOT NULL,
  `MinHeight` int(11) NOT NULL,
  `MaxHeight` int(11) NOT NULL,
  PRIMARY KEY (`ID`)
) ENGINE=InnoDB DEFAULT CHARSET=utf8 COMMENT='ограничения по размерам для жалюзи' AUTO_INCREMENT=1 ;

-- --------------------------------------------------------

--
-- Структура таблицы `staircases`
--

CREATE TABLE IF NOT EXISTS `staircases` (
  `ID` int(11) NOT NULL AUTO_INCREMENT,
  `Article` varchar(50) NOT NULL,
  `Name` varchar(50) NOT NULL,
  `Size` int(11) NOT NULL,
  PRIMARY KEY (`ID`)
) ENGINE=InnoDB  DEFAULT CHARSET=utf8 COMMENT='Лесенки жалюзи' AUTO_INCREMENT=45 ;

--
-- Дамп данных таблицы `staircases`
--

INSERT INTO `staircases` (`ID`, `Article`, `Name`, `Size`) VALUES
(1, 'ЖГК_0702010', 'Лесенка Holis для 16мм, 12,5*18 белая \n', 16),
(2, 'ЖГК_0702090', 'Лесенка Holis для 16мм, 12,5*18 т.бежевая \n', 16),
(3, 'ЖГК_0702080', 'Лесенка Holis для 16мм, 12,5*18 св.серая \n', 16),
(4, 'ЖГК_0702060', 'Лесенка Holis для 16мм, 12,5*18 св.бежевая \n', 16),
(5, 'ЖГК_0702070', 'Лесенка Holis для 16мм, 12,5*18 св.зеленая \n', 16),
(6, 'ЖГК_0702080', 'Лесенка Holis для 16мм, 12,5*18 св.серая \n', 16),
(7, 'ЖГК_0702080', 'Лесенка Holis для 16мм, 12,5*18 св.серая\n', 16),
(8, 'ЖГК_0702050', 'Лесенка Holis для 16мм, 12,5*18 лиловая \n', 16),
(9, 'ЖГК_0702060', 'Лесенка Holis для 16мм, 12,5*18 св.бежевая \n', 16),
(10, 'ЖГК_0702090', 'Лесенка Holis для 16мм, 12,5*18 т.бежевая\n', 16),
(11, 'ЖГК_0701010', 'Лесенка Holis для 25мм, 21,5*28 белая \n', 25),
(12, 'ЖГК_0701130', 'Лесенка Holis для 25мм, 21,5*28 т.бежевая\n', 25),
(13, 'ЖГК_0701110', 'Лесенка Holis для 25мм, 21,5*28 св.серая\n', 25),
(14, 'ЖГК_0701110', 'Лесенка Holis для 25мм, 21,5*28 св.серая \n', 25),
(15, 'ЖГК_0701110', 'Лесенка Holis для 25мм, 21,5*28 св.серая \n', 25),
(16, 'ЖГК_0701130', 'Лесенка Holis для 25мм, 21,5*28 т.бежевая\n', 25),
(17, 'ЖГК_0701010', 'Лесенка Holis для 25мм, 21,5*28 белая\n', 25),
(18, 'ЖГК_0701010', 'Лесенка Holis для 25мм, 21,5*28 белая \n', 25),
(19, 'ЖГК_0701040', 'Лесенка Holis для 25мм, 21,5*28 желтая \n', 25),
(20, 'ЖГК_0701190', 'Лесенка Holis для 25мм, 21,5*28 коричневая\n', 25),
(21, 'ЖГК_0701050', 'Лесенка Holis для 25мм, 21,5*28 красная \n', 25),
(22, 'ЖГК_0701180', 'Лесенка Holis для 25мм, 21.5x28, сиреневая \n', 25),
(23, 'ЖГК_0701110', 'Лесенка Holis для 25мм, 21,5*28 св.серая\n', 25),
(24, 'ЖГК_0701200', 'Лесенка Holis для 25мм, 21,5*28 графит \n', 25),
(25, 'ЖГК_0701100', 'Лесенка Holis для 25мм, 21,5*28 св.розовая \n', 25),
(26, 'ЖГК_0701090', 'Лесенка Holis для 25мм, 21,5*28 св.зеленая \n', 25),
(27, 'ЖГК_0701180', 'Лесенка Holis для 25мм, 21.5x28, сиреневая\n', 25),
(28, 'ЖГК_0701160', 'Лесенка Holis для 25мм, 21.5x28, абрикосовая \n', 25),
(29, 'ЖГК_0701130', 'Лесенка Holis для 25мм, 21,5*28 т.бежевая\n', 25),
(30, 'ЖГК_0701150', 'Лесенка Holis для 25мм, 21,5*28 шоколад \n', 25),
(31, 'ЖГК_0701190', 'Лесенка Holis для 25мм, 21,5*28 коричневая \n', 25),
(32, 'ЖГК_0701070', 'Лесенка Holis для 25мм, 21,5*28 св.бежевая \n', 25),
(33, 'ЖГК_0701080', 'Лесенка Holis для 25мм, 21,5*28 св.голубая \n', 25),
(34, 'ЖГК_0701090', 'Лесенка Holis для 25мм, 21,5*28 св.зеленая \n', 25),
(35, 'ЖГК_0701100', 'Лесенка Holis для 25мм, 21,5*28 св.розовая \n', 25),
(36, 'ЖГК_0701110', 'Лесенка Holis для 25мм, 21,5*28 св.серая \n', 25),
(37, 'ЖГК_0701130', 'Лесенка Holis для 25мм, 21,5*28 т.бежевая \n', 25),
(38, 'ЖГК_0701150', 'Лесенка Holis для 25мм, 21,5*28 шоколад\n', 25),
(39, 'ЖГК_0701020', 'Лесенка Holis для 25мм, 21.5x28, бирюза\n', 25),
(40, 'ЖГК_0701060', 'Лесенка Holis для 25мм, 21,5*28 лиловая\n', 25),
(41, 'ЖГК_0701050', 'Лесенка Holis для 25мм, 21,5*28 красная\n', 25),
(42, 'ЖГК_0701120', 'Лесенка Holis для 25мм, 21,5*28 синяя\n', 25),
(43, 'ЖГК_0701160', 'Лесенка Holis для 25мм, 21.5x28, абрикосовая\n', 25),
(44, 'ЖГК_0701160', 'Лесенка Holis для 25мм, 21.5x28, абрикосовая\n', 25);

-- --------------------------------------------------------

--
-- Структура таблицы `types`
--

CREATE TABLE IF NOT EXISTS `types` (
  `ID` int(11) NOT NULL AUTO_INCREMENT,
  `Name` varchar(20) NOT NULL,
  PRIMARY KEY (`ID`)
) ENGINE=InnoDB  DEFAULT CHARSET=utf8 AUTO_INCREMENT=6 ;

--
-- Дамп данных таблицы `types`
--

INSERT INTO `types` (`ID`, `Name`) VALUES
(1, 'Вертикальные'),
(2, 'Горизонтальные'),
(3, 'Мультифактурные'),
(4, 'Рулонные шторы'),
(5, 'amilux');

/*!40101 SET CHARACTER_SET_CLIENT=@OLD_CHARACTER_SET_CLIENT */;
/*!40101 SET CHARACTER_SET_RESULTS=@OLD_CHARACTER_SET_RESULTS */;
/*!40101 SET COLLATION_CONNECTION=@OLD_COLLATION_CONNECTION */;
